source_index,image_path,actual,predicted,error,absolute_error,turn_range
42,IMG/center_2026_08_01_17_52_25_646.jpg,-0.3210778,-0.15087135136127472,0.1702064486387253,0.1702064486387253,Medium turn
44,IMG/center_2026_08_01_17_52_25_785.jpg,-0.3342474,-0.12657451629638672,0.20767288370361325,0.20767288370361325,Medium turn
55,IMG/center_2026_08_01_17_52_26_560.jpg,-0.1339445,-0.03144969418644905,0.10249480581355094,0.10249480581355094,Small turn
59,IMG/center_2026_08_01_17_52_26_831.jpg,-0.00752551,-0.02848883531987667,-0.02096332531987667,0.02096332531987667,Near straight
66,IMG/center_2026_08_01_17_52_27_316.jpg,-0.1091199,-0.04927213862538338,0.05984776137461663,0.05984776137461663,Small turn
68,IMG/center_2026_08_01_17_52_27_461.jpg,-0.1984853,-0.03257786110043526,0.16590743889956475,0.16590743889956475,Small turn
72,IMG/center_2026_08_01_17_52_27_742.jpg,-0.2201212,-0.060382235795259476,0.1597389642047405,0.1597389642047405,Medium turn
83,IMG/center_2026_08_01_17_52_28_517.jpg,-0.006584821,-0.06503429263830185,-0.05844947163830185,0.05844947163830185,Near straight
90,IMG/center_2026_08_01_17_52_29_008.jpg,-0.07619579,-0.0975058302283287,-0.021310040228328705,0.021310040228328705,Small turn
92,IMG/center_2026_08_01_17_52_29_148.jpg,-0.08842474,-0.0980573520064354,-0.009632612006435393,0.009632612006435393,Small turn
98,IMG/center_2026_08_01_17_52_29_556.jpg,-0.08842474,-0.04191668704152107,0.04650805295847893,0.04650805295847893,Small turn
103,IMG/center_2026_08_01_17_52_29_908.jpg,-0.004703444,-0.08889629691839218,-0.08419285291839218,0.08419285291839218,Near straight
104,IMG/center_2026_08_01_17_52_29_975.jpg,-0.04515307,-0.08369293063879013,-0.038539860638790134,0.038539860638790134,Near straight
107,IMG/center_2026_08_01_17_52_30_183.jpg,-0.1204082,-0.06663503497838974,0.05377316502161027,0.05377316502161027,Small turn
111,IMG/center_2026_08_01_17_52_30_456.jpg,-0.1204082,-0.03165828064084053,0.08874991935915948,0.08874991935915948,Small turn
119,IMG/center_2026_08_01_17_52_31_007.jpg,-0.01975446,-0.052242446690797806,-0.032487986690797804,0.032487986690797804,Near straight
123,IMG/center_2026_08_01_17_52_31_291.jpg,-0.07619579,-0.031853336840867996,0.044342453159132,0.044342453159132,Small turn
129,IMG/center_2026_08_01_17_52_31_707.jpg,-0.1034758,-0.03425704315304756,0.06921875684695245,0.06921875684695245,Small turn
130,IMG/center_2026_08_01_17_52_31_778.jpg,-0.1053571,-0.016519388183951378,0.08883771181604862,0.08883771181604862,Small turn
139,IMG/center_2026_08_01_17_52_32_396.jpg,-0.04609375,-0.013674815185368061,0.03241893481463194,0.03241893481463194,Near straight
142,IMG/center_2026_08_01_17_52_32_608.jpg,-0.1326371,-0.029486438259482384,0.10315066174051762,0.10315066174051762,Small turn
143,IMG/center_2026_08_01_17_52_32_676.jpg,-0.1382813,-0.03931422904133797,0.09896707095866203,0.09896707095866203,Small turn
147,IMG/center_2026_08_01_17_52_32_955.jpg,0.0,-0.03252582624554634,-0.03252582624554634,0.03252582624554634,Near straight
153,IMG/center_2026_08_01_17_52_33_378.jpg,-0.004703444,-0.04318102076649666,-0.03847757676649666,0.03847757676649666,Near straight
155,IMG/center_2026_08_01_17_52_33_517.jpg,-0.04327168,-0.041368503123521805,0.001903176876478195,0.001903176876478195,Near straight
156,IMG/center_2026_08_01_17_52_33_589.jpg,-0.06208546,-0.04714222624897957,0.014943233751020434,0.014943233751020434,Small turn
160,IMG/center_2026_08_01_17_52_33_863.jpg,-0.06208546,-0.04031969979405403,0.02176576020594597,0.02176576020594597,Small turn
161,IMG/center_2026_08_01_17_52_33_934.jpg,-0.06208546,-0.02238093875348568,0.03970452124651432,0.03970452124651432,Small turn
176,IMG/center_2026_08_01_17_52_34_980.jpg,-0.01505102,-0.04901351407170296,-0.03396249407170296,0.03396249407170296,Near straight
197,IMG/center_2026_08_01_17_52_36_460.jpg,-0.05644133,-0.021567096933722496,0.0348742330662775,0.0348742330662775,Small turn
214,IMG/center_2026_08_01_17_52_37_661.jpg,0.1573023,-0.019803157076239586,-0.1771054570762396,0.1771054570762396,Small turn
215,IMG/center_2026_08_01_17_52_37_728.jpg,0.1573023,-0.0389627106487751,-0.1962650106487751,0.1962650106487751,Small turn
251,IMG/center_2026_08_01_17_52_40_234.jpg,-0.4,-0.021398505195975304,0.3786014948040247,0.3786014948040247,Sharp turn
264,IMG/center_2026_08_01_17_52_41_139.jpg,0.0,0.041409920901060104,0.041409920901060104,0.041409920901060104,Near straight
265,IMG/center_2026_08_01_17_52_41_206.jpg,0.0,0.047544848173856735,0.047544848173856735,0.047544848173856735,Near straight
303,IMG/center_2026_08_01_17_52_43_862.jpg,-0.05,-0.056152332574129105,-0.006152332574129102,0.006152332574129102,Small turn
304,IMG/center_2026_08_01_17_52_43_933.jpg,-0.2,-0.034846771508455276,0.16515322849154473,0.16515322849154473,Medium turn
305,IMG/center_2026_08_01_17_52_44_006.jpg,-0.4,-0.05430455878376961,0.3456954412162304,0.3456954412162304,Sharp turn
331,IMG/center_2026_08_01_17_52_45_810.jpg,0.1,-0.0007593532791361213,-0.10075935327913613,0.10075935327913613,Small turn
344,IMG/center_2026_08_01_17_52_46_718.jpg,0.0,-0.012719144113361835,-0.012719144113361835,0.012719144113361835,Near straight
345,IMG/center_2026_08_01_17_52_46_788.jpg,0.0,-0.013343323953449726,-0.013343323953449726,0.013343323953449726,Near straight
350,IMG/center_2026_08_01_17_52_47_140.jpg,0.0,0.001368532539345324,0.001368532539345324,0.001368532539345324,Near straight
361,IMG/center_2026_08_01_17_52_47_907.jpg,-0.25,-0.05835171416401863,0.19164828583598137,0.19164828583598137,Medium turn
371,IMG/center_2026_08_01_17_52_48_593.jpg,-0.03574617,-0.04783301427960396,-0.012086844279603957,0.012086844279603957,Near straight
385,IMG/center_2026_08_01_17_52_49_577.jpg,-0.03574617,-0.016116341575980186,0.019629828424019814,0.019629828424019814,Near straight
386,IMG/center_2026_08_01_17_52_49_645.jpg,-0.03574617,-0.020061781629920006,0.015684388370079995,0.015684388370079995,Near straight
407,IMG/center_2026_08_01_17_52_51_132.jpg,-0.06867028,-0.011616547591984272,0.05705373240801573,0.05705373240801573,Small turn
431,IMG/center_2026_08_01_17_52_52_817.jpg,0.0,0.006695637945085764,0.006695637945085764,0.006695637945085764,Near straight
439,IMG/center_2026_08_01_17_52_53_367.jpg,-0.042331,-0.03835924342274666,0.003971756577253342,0.003971756577253342,Near straight
445,IMG/center_2026_08_01_17_52_53_776.jpg,-0.05361926,-0.02374725602567196,0.029872003974328043,0.029872003974328043,Small turn
447,IMG/center_2026_08_01_17_52_53_921.jpg,-0.05832271,-0.030532678589224815,0.027790031410775184,0.027790031410775184,Small turn
450,IMG/center_2026_08_01_17_52_54_129.jpg,-0.07149234,-0.01996474526822567,0.05152759473177433,0.05152759473177433,Small turn
475,IMG/center_2026_08_01_17_52_55_889.jpg,-0.04139031,-0.028481533750891685,0.012908776249108314,0.012908776249108314,Near straight
481,IMG/center_2026_08_01_17_52_56_307.jpg,0.0,-0.017982712015509605,-0.017982712015509605,0.017982712015509605,Near straight
485,IMG/center_2026_08_01_17_52_56_586.jpg,-0.03668686,-0.05542360618710518,-0.018736746187105177,0.018736746187105177,Near straight
486,IMG/center_2026_08_01_17_52_56_657.jpg,-0.04421237,-0.0576922781765461,-0.013479908176546096,0.013479908176546096,Near straight
489,IMG/center_2026_08_01_17_52_56_867.jpg,-0.06208546,-0.04622276499867439,0.01586269500132561,0.01586269500132561,Small turn
495,IMG/center_2026_08_01_17_52_57_287.jpg,-0.06867028,-0.06883516162633896,-0.00016488162633895853,0.00016488162633895853,Small turn
501,IMG/center_2026_08_01_17_52_57_707.jpg,-0.06867028,-0.0975906178355217,-0.028920337835521698,0.028920337835521698,Small turn
530,IMG/center_2026_08_01_17_52_59_726.jpg,-0.08089923,-0.09784150868654251,-0.01694227868654251,0.01694227868654251,Small turn
537,IMG/center_2026_08_01_17_53_00_207.jpg,-0.09971301,-0.11156188696622849,-0.01184887696622848,0.01184887696622848,Small turn
540,IMG/center_2026_08_01_17_53_00_412.jpg,-0.09971301,-0.10263358801603317,-0.002920578016033168,0.002920578016033168,Small turn
556,IMG/center_2026_08_01_17_53_01_529.jpg,-0.09406888,-0.12857280671596527,-0.03450392671596528,0.03450392671596528,Small turn
563,IMG/center_2026_08_01_17_53_02_021.jpg,-0.09406888,-0.12493538111448288,-0.030866501114482886,0.030866501114482886,Small turn
566,IMG/center_2026_08_01_17_53_02_228.jpg,-0.09406888,-0.11009856313467026,-0.016029683134670264,0.016029683134670264,Small turn
567,IMG/center_2026_08_01_17_53_02_300.jpg,-0.09406888,-0.11623074859380722,-0.022161868593807227,0.022161868593807227,Small turn
569,IMG/center_2026_08_01_17_53_02_439.jpg,-0.09406888,-0.11029454320669174,-0.01622566320669175,0.01622566320669175,Small turn
571,IMG/center_2026_08_01_17_53_02_578.jpg,-0.09406888,-0.1184508427977562,-0.0243819627977562,0.0243819627977562,Small turn
572,IMG/center_2026_08_01_17_53_02_645.jpg,-0.09406888,-0.12270354479551315,-0.02863466479551316,0.02863466479551316,Small turn
576,IMG/center_2026_08_01_17_53_02_923.jpg,-0.09406888,-0.11252178996801376,-0.01845290996801377,0.01845290996801377,Small turn
580,IMG/center_2026_08_01_17_53_03_195.jpg,-0.09595025,-0.08401405066251755,0.011936199337482453,0.011936199337482453,Small turn
582,IMG/center_2026_08_01_17_53_03_331.jpg,-0.09971301,-0.07084255665540695,0.028870453344593053,0.028870453344593053,Small turn
594,IMG/center_2026_08_01_17_53_04_167.jpg,-0.1110013,-0.09277649968862534,0.01822480031137466,0.01822480031137466,Small turn
597,IMG/center_2026_08_01_17_53_04_377.jpg,-0.1288744,-0.09395047277212143,0.03492392722787857,0.03492392722787857,Small turn
599,IMG/center_2026_08_01_17_53_04_517.jpg,-0.1288744,-0.09631716459989548,0.03255723540010452,0.03255723540010452,Small turn
601,IMG/center_2026_08_01_17_53_04_661.jpg,-0.1288744,-0.10394518822431564,0.024929211775684357,0.024929211775684357,Small turn
602,IMG/center_2026_08_01_17_53_04_728.jpg,-0.1288744,-0.09628801792860031,0.03258638207139969,0.03258638207139969,Small turn
618,IMG/center_2026_08_01_17_53_05_851.jpg,-0.08466199,-0.11149366945028305,-0.026831679450283044,0.026831679450283044,Small turn
624,IMG/center_2026_08_01_17_53_06_273.jpg,-0.08466199,-0.07002203911542892,0.014639950884571082,0.014639950884571082,Small turn
629,IMG/center_2026_08_01_17_53_06_623.jpg,-0.08466199,-0.039892662316560745,0.04476932768343926,0.04476932768343926,Small turn
632,IMG/center_2026_08_01_17_53_06_824.jpg,-0.08466199,-0.0603816993534565,0.02428029064654351,0.02428029064654351,Small turn
652,IMG/center_2026_08_01_17_53_08_214.jpg,-0.005644133,-0.041444648057222366,-0.035800515057222364,0.035800515057222364,Near straight
656,IMG/center_2026_08_01_17_53_08_490.jpg,-0.03480548,-0.06128476932644844,-0.02647928932644844,0.02647928932644844,Near straight
660,IMG/center_2026_08_01_17_53_08_765.jpg,-0.03480548,-0.039269376546144485,-0.004463896546144486,0.004463896546144486,Near straight
671,IMG/center_2026_08_01_17_53_09_524.jpg,-0.02351722,-0.011584688909351826,0.011932531090648173,0.011932531090648173,Near straight
677,IMG/center_2026_08_01_17_53_09_950.jpg,-0.02351722,-0.017027070745825768,0.006490149254174231,0.006490149254174231,Near straight
681,IMG/center_2026_08_01_17_53_10_228.jpg,-0.02822066,0.02781868912279606,0.05603934912279606,0.05603934912279606,Near straight
688,IMG/center_2026_08_01_17_53_10_711.jpg,-0.09595025,-0.028229346498847008,0.067720903501153,0.067720903501153,Small turn
692,IMG/center_2026_08_01_17_53_10_989.jpg,-0.09595025,-0.017128100618720055,0.07882214938127995,0.07882214938127995,Small turn
703,IMG/center_2026_08_01_17_53_11_768.jpg,0.03329081,0.04376799985766411,0.010477189857664111,0.010477189857664111,Near straight
711,IMG/center_2026_08_01_17_53_12_334.jpg,0.0,0.060849498957395554,0.060849498957395554,0.060849498957395554,Near straight
720,IMG/center_2026_08_01_17_53_12_957.jpg,-0.05079719,0.05655617639422417,0.10735336639422416,0.10735336639422416,Small turn
722,IMG/center_2026_08_01_17_53_13_096.jpg,-0.05832271,0.08358199149370193,0.14190470149370193,0.14190470149370193,Small turn
741,IMG/center_2026_08_01_17_53_14_421.jpg,0.0,0.0216298196464777,0.0216298196464777,0.0216298196464777,Near straight
771,IMG/center_2026_08_01_17_53_16_529.jpg,0.0,0.03700871393084526,0.03700871393084526,0.03700871393084526,Near straight
808,IMG/center_2026_08_01_17_53_19_129.jpg,0.0,0.036023568361997604,0.036023568361997604,0.036023568361997604,Near straight
821,IMG/center_2026_08_01_17_53_20_040.jpg,-0.006584821,-0.001041283248923719,0.005543537751076281,0.005543537751076281,Near straight
822,IMG/center_2026_08_01_17_53_20_108.jpg,-0.02069516,0.029242107644677162,0.049937267644677166,0.049937267644677166,Near straight
825,IMG/center_2026_08_01_17_53_20_317.jpg,-0.07713648,0.01216966938227415,0.08930614938227414,0.08930614938227414,Small turn
826,IMG/center_2026_08_01_17_53_20_385.jpg,-0.07713648,0.01235873531550169,0.08949521531550168,0.08949521531550168,Small turn
835,IMG/center_2026_08_01_17_53_21_029.jpg,0.05,0.022506365552544594,-0.02749363444745541,0.02749363444745541,Small turn
841,IMG/center_2026_08_01_17_53_21_464.jpg,-0.0253986,0.016274163499474525,0.041672763499474526,0.041672763499474526,Near straight
851,IMG/center_2026_08_01_17_53_22_183.jpg,-0.01505102,0.02236623503267765,0.03741725503267765,0.03741725503267765,Near straight
854,IMG/center_2026_08_01_17_53_22_394.jpg,-0.04044962,-0.004139890428632498,0.0363097295713675,0.0363097295713675,Near straight
855,IMG/center_2026_08_01_17_53_22_460.jpg,-0.04044962,-0.015392114408314228,0.02505750559168577,0.02505750559168577,Near straight
859,IMG/center_2026_08_01_17_53_22_742.jpg,-0.06396683,-0.01902156136929989,0.044945268630700114,0.044945268630700114,Small turn
864,IMG/center_2026_08_01_17_53_23_090.jpg,-0.06396683,-0.0030351183377206326,0.06093171166227937,0.06093171166227937,Small turn
872,IMG/center_2026_08_01_17_53_23_650.jpg,-0.05267857,-0.01303785014897585,0.03964071985102415,0.03964071985102415,Small turn
875,IMG/center_2026_08_01_17_53_23_863.jpg,-0.05267857,-0.034899402409791946,0.017779167590208055,0.017779167590208055,Small turn
881,IMG/center_2026_08_01_17_53_24_285.jpg,-0.05738201,-0.07954879850149155,-0.02216678850149155,0.02216678850149155,Small turn
883,IMG/center_2026_08_01_17_53_24_423.jpg,-0.06490753,-0.09095966070890427,-0.02605213070890426,0.02605213070890426,Small turn
890,IMG/center_2026_08_01_17_53_24_914.jpg,-0.196604,-0.1128539964556694,0.0837500035443306,0.0837500035443306,Small turn
906,IMG/center_2026_08_01_17_53_26_044.jpg,-0.1495695,-0.26416298747062683,-0.11459348747062684,0.11459348747062684,Small turn
908,IMG/center_2026_08_01_17_53_26_190.jpg,-0.2060109,-0.3038643002510071,-0.09785340025100708,0.09785340025100708,Medium turn
909,IMG/center_2026_08_01_17_53_26_263.jpg,-0.2370536,-0.2690429091453552,-0.03198930914535522,0.03198930914535522,Medium turn
910,IMG/center_2026_08_01_17_53_26_330.jpg,-0.2577487,-0.2355089783668518,0.02223972163314819,0.02223972163314819,Medium turn
911,IMG/center_2026_08_01_17_53_26_401.jpg,-0.2737404,-0.19603531062602997,0.07770508937397003,0.07770508937397003,Medium turn
914,IMG/center_2026_08_01_17_53_26_622.jpg,-0.3781569,-0.1443719118833542,0.23378498811664583,0.23378498811664583,Medium turn
916,IMG/center_2026_08_01_17_53_26_767.jpg,-0.4063776,-0.06679844111204147,0.33957915888795853,0.33957915888795853,Sharp turn
919,IMG/center_2026_08_01_17_53_26_971.jpg,-0.411081,-0.17795567214488983,0.23312532785511014,0.23312532785511014,Sharp turn
920,IMG/center_2026_08_01_17_53_27_041.jpg,-0.4083067,-0.18744587898254395,0.22086082101745608,0.22086082101745608,Sharp turn
926,IMG/center_2026_08_01_17_53_27_473.jpg,-0.1294324,-0.14965806901454926,-0.020225669014549252,0.020225669014549252,Small turn
927,IMG/center_2026_08_01_17_53_27_540.jpg,-0.1294324,-0.15017016232013702,-0.02073776232013702,0.02073776232013702,Small turn
928,IMG/center_2026_08_01_17_53_27_608.jpg,-0.1294324,-0.1458747237920761,-0.016442323792076108,0.016442323792076108,Small turn
929,IMG/center_2026_08_01_17_53_27_677.jpg,-0.1294324,-0.10010089725255966,0.02933150274744034,0.02933150274744034,Small turn
933,IMG/center_2026_08_01_17_53_27_956.jpg,-0.1294324,-0.004710157867521048,0.12472224213247896,0.12472224213247896,Small turn
940,IMG/center_2026_08_01_17_53_28_444.jpg,-0.4189414,0.007189104799181223,0.42613050479918124,0.42613050479918124,Sharp turn
966,IMG/center_2026_08_01_17_53_30_290.jpg,0.0,0.02152998186647892,0.02152998186647892,0.02152998186647892,Near straight
975,IMG/center_2026_08_01_17_53_30_929.jpg,0.2,0.03933907672762871,-0.1606609232723713,0.1606609232723713,Medium turn
1013,IMG/center_2026_08_01_17_53_33_615.jpg,0.0,0.013022582046687603,0.013022582046687603,0.013022582046687603,Near straight
1014,IMG/center_2026_08_01_17_53_33_683.jpg,0.0,0.013059179298579693,0.013059179298579693,0.013059179298579693,Near straight
1029,IMG/center_2026_08_01_17_53_34_725.jpg,0.4546238,0.13307790458202362,-0.3215458954179764,0.3215458954179764,Sharp turn
1049,IMG/center_2026_08_01_17_53_36_131.jpg,0.9500002,0.29408812522888184,-0.6559120747711181,0.6559120747711181,Sharp turn
1063,IMG/center_2026_08_01_17_53_37_115.jpg,0.6000001,0.39398080110549927,-0.20601929889450077,0.20601929889450077,Sharp turn
1081,IMG/center_2026_08_01_17_53_38_360.jpg,0.3,0.18886537849903107,-0.11113462150096892,0.11113462150096892,Medium turn
1089,IMG/center_2026_08_01_17_53_38_917.jpg,0.25,0.06022549793124199,-0.189774502068758,0.189774502068758,Medium turn
1090,IMG/center_2026_08_01_17_53_38_987.jpg,0.45,0.04817325994372368,-0.40182674005627633,0.40182674005627633,Sharp turn
1146,IMG/center_2026_08_01_17_53_42_924.jpg,-0.07995854,-0.0517614372074604,0.02819710279253959,0.02819710279253959,Small turn
1147,IMG/center_2026_08_01_17_53_42_994.jpg,-0.0921875,-0.03143470361828804,0.060752796381711965,0.060752796381711965,Small turn
1152,IMG/center_2026_08_01_17_53_43_346.jpg,-0.111942,-0.027790894731879234,0.08415110526812077,0.08415110526812077,Small turn
1172,IMG/center_2026_08_01_17_53_44_739.jpg,-0.1674426,-0.08873002976179123,0.07871257023820877,0.07871257023820877,Small turn
1188,IMG/center_2026_08_01_17_53_45_833.jpg,-0.1768495,-0.16306936740875244,0.013780132591247551,0.013780132591247551,Small turn
1193,IMG/center_2026_08_01_17_53_46_179.jpg,-0.2172991,-0.18972839415073395,0.027570705849266047,0.027570705849266047,Medium turn
1194,IMG/center_2026_08_01_17_53_46_247.jpg,-0.229528,-0.17368808388710022,0.05583991611289979,0.05583991611289979,Medium turn
1195,IMG/center_2026_08_01_17_53_46_318.jpg,-0.2436384,-0.18214349448680878,0.06149490551319123,0.06149490551319123,Medium turn
1205,IMG/center_2026_08_01_17_53_47_014.jpg,-0.2709184,-0.012239073403179646,0.25867932659682036,0.25867932659682036,Medium turn
1206,IMG/center_2026_08_01_17_53_47_087.jpg,-0.2709184,-0.01183097530156374,0.25908742469843626,0.25908742469843626,Medium turn
1209,IMG/center_2026_08_01_17_53_47_296.jpg,0.0,0.0027357139624655247,0.0027357139624655247,0.0027357139624655247,Near straight
1217,IMG/center_2026_08_01_17_53_47_862.jpg,-0.1175861,-0.21306344866752625,-0.09547734866752625,0.09547734866752625,Small turn
1222,IMG/center_2026_08_01_17_53_48_218.jpg,-0.1580357,-0.20596449077129364,-0.04792879077129364,0.04792879077129364,Small turn
1226,IMG/center_2026_08_01_17_53_48_505.jpg,-0.1712053,-0.15447889268398285,0.016726407316017156,0.016726407316017156,Small turn
1227,IMG/center_2026_08_01_17_53_48_577.jpg,-0.1824936,-0.13366980850696564,0.04882379149303437,0.04882379149303437,Small turn
1228,IMG/center_2026_08_01_17_53_48_645.jpg,-0.1862564,-0.12036212533712387,0.06589427466287612,0.06589427466287612,Small turn
1268,IMG/center_2026_08_01_17_53_51_460.jpg,0.3,0.042236994951963425,-0.25776300504803656,0.25776300504803656,Medium turn
1271,IMG/center_2026_08_01_17_53_51_667.jpg,0.05,0.048192571848630905,-0.0018074281513690976,0.0018074281513690976,Small turn
1272,IMG/center_2026_08_01_17_53_51_735.jpg,0.2,0.029910990968346596,-0.17008900903165342,0.17008900903165342,Medium turn
1274,IMG/center_2026_08_01_17_53_51_877.jpg,0.5500001,-0.014377226121723652,-0.5643773261217236,0.5643773261217236,Sharp turn
1277,IMG/center_2026_08_01_17_53_52_087.jpg,-0.15,-0.031329382210969925,0.11867061778903007,0.11867061778903007,Small turn
1292,IMG/center_2026_08_01_17_53_53_144.jpg,0.0,-0.04547007754445076,-0.04547007754445076,0.04547007754445076,Near straight
1293,IMG/center_2026_08_01_17_53_53_212.jpg,-0.05,-0.045515645295381546,0.004484354704618457,0.004484354704618457,Small turn
1300,IMG/center_2026_08_01_17_53_53_708.jpg,0.0,-0.01785503886640072,-0.01785503886640072,0.01785503886640072,Near straight
1303,IMG/center_2026_08_01_17_53_53_914.jpg,0.0,-0.07192691415548325,-0.07192691415548325,0.07192691415548325,Near straight
1307,IMG/center_2026_08_01_17_53_54_189.jpg,0.0,-0.007262041326612234,-0.007262041326612234,0.007262041326612234,Near straight
1315,IMG/center_2026_08_01_17_53_54_757.jpg,0.0,-0.03633048012852669,-0.03633048012852669,0.03633048012852669,Near straight
1327,IMG/center_2026_08_01_17_53_55_593.jpg,-0.05,-0.04197247698903084,0.008027523010969165,0.008027523010969165,Small turn
1332,IMG/center_2026_08_01_17_53_55_947.jpg,-0.3,-0.01587527059018612,0.28412472940981387,0.28412472940981387,Medium turn
1336,IMG/center_2026_08_01_17_53_56_227.jpg,-0.15,-0.041415292769670486,0.10858470723032951,0.10858470723032951,Small turn
1363,IMG/center_2026_08_01_17_53_58_112.jpg,0.0,-0.03969194367527962,-0.03969194367527962,0.03969194367527962,Near straight
1399,IMG/center_2026_08_01_17_54_00_615.jpg,0.0,-0.01308452058583498,-0.01308452058583498,0.01308452058583498,Near straight
1416,IMG/center_2026_08_01_17_54_01_790.jpg,-0.15,-0.04529677703976631,0.10470322296023368,0.10470322296023368,Small turn
1431,IMG/center_2026_08_01_17_54_02_829.jpg,0.0,0.015513609163463116,0.015513609163463116,0.015513609163463116,Near straight
1438,IMG/center_2026_08_01_17_54_03_322.jpg,0.0,0.026734182611107826,0.026734182611107826,0.026734182611107826,Near straight
1453,IMG/center_2026_08_01_17_54_04_371.jpg,-0.01505102,-0.023662319406867027,-0.008611299406867027,0.008611299406867027,Near straight
1467,IMG/center_2026_08_01_17_54_05_349.jpg,-0.06208546,-0.035792816430330276,0.026292643569669726,0.026292643569669726,Small turn
1468,IMG/center_2026_08_01_17_54_05_418.jpg,-0.06208546,-0.025309165939688683,0.03677629406031132,0.03677629406031132,Small turn
1500,IMG/center_2026_08_01_17_54_07_665.jpg,-0.01128827,-0.0006362994899973273,0.010651970510002672,0.010651970510002672,Near straight
1505,IMG/center_2026_08_01_17_54_08_014.jpg,-0.01975446,-0.0005610486259683967,0.019193411374031605,0.019193411374031605,Near straight
1507,IMG/center_2026_08_01_17_54_08_154.jpg,-0.01975446,-0.017682602629065514,0.002071857370934488,0.002071857370934488,Near straight
1514,IMG/center_2026_08_01_17_54_08_651.jpg,-0.02916135,-0.0010383030166849494,0.02812304698331505,0.02812304698331505,Near straight
1519,IMG/center_2026_08_01_17_54_08_995.jpg,-0.02916135,0.003642986062914133,0.032804336062914136,0.032804336062914136,Near straight
1533,IMG/center_2026_08_01_17_54_09_981.jpg,0.0,-0.0034825108014047146,-0.0034825108014047146,0.0034825108014047146,Near straight
1538,IMG/center_2026_08_01_17_54_10_329.jpg,-0.0253986,-0.01306163240224123,0.01233696759775877,0.01233696759775877,Near straight
1540,IMG/center_2026_08_01_17_54_10_469.jpg,-0.03198342,-0.012172331102192402,0.019811088897807597,0.019811088897807597,Near straight
1547,IMG/center_2026_08_01_17_54_10_967.jpg,-0.04327168,-0.015464057214558125,0.027807622785441875,0.027807622785441875,Near straight
1548,IMG/center_2026_08_01_17_54_11_037.jpg,-0.04327168,-0.0005610486259683967,0.0427106313740316,0.0427106313740316,Near straight
1562,IMG/center_2026_08_01_17_54_12_008.jpg,-0.01128827,-0.004825224634259939,0.00646304536574006,0.00646304536574006,Near straight
1564,IMG/center_2026_08_01_17_54_12_152.jpg,-0.01128827,-0.01617591641843319,-0.00488764641843319,0.00488764641843319,Near straight
1566,IMG/center_2026_08_01_17_54_12_296.jpg,-0.0169324,-0.014808227308094501,0.0021241726919054987,0.0021241726919054987,Near straight
1578,IMG/center_2026_08_01_17_54_13_121.jpg,-0.02069516,-0.0069607398472726345,0.013734420152727366,0.013734420152727366,Near straight
1607,IMG/center_2026_08_01_17_54_15_151.jpg,-0.03950893,-0.02724086306989193,0.012268066930108068,0.012268066930108068,Near straight
1629,IMG/center_2026_08_01_17_54_16_685.jpg,-0.005644133,-0.024288227781653404,-0.018644094781653405,0.018644094781653405,Near straight
1634,IMG/center_2026_08_01_17_54_17_034.jpg,-0.01787309,-0.028424730524420738,-0.010551640524420737,0.010551640524420737,Near straight
1639,IMG/center_2026_08_01_17_54_17_378.jpg,-0.04609375,-0.044034797698259354,0.002058952301740649,0.002058952301740649,Near straight
1642,IMG/center_2026_08_01_17_54_17_585.jpg,-0.04985651,-0.026942363008856773,0.022914146991143226,0.022914146991143226,Near straight
1663,IMG/center_2026_08_01_17_54_19_058.jpg,-0.03668686,-0.0080103175714612,0.0286765424285388,0.0286765424285388,Near straight
1666,IMG/center_2026_08_01_17_54_19_272.jpg,-0.03950893,0.01809884048998356,0.057607770489983556,0.057607770489983556,Near straight
1675,IMG/center_2026_08_01_17_54_19_912.jpg,0.0,-0.0060275099240243435,-0.0060275099240243435,0.0060275099240243435,Near straight
1680,IMG/center_2026_08_01_17_54_20_265.jpg,-0.01881378,-0.04248331859707832,-0.023669538597078325,0.023669538597078325,Near straight
1692,IMG/center_2026_08_01_17_54_21_090.jpg,-0.08748405,-0.10814856737852097,-0.020664517378520972,0.020664517378520972,Small turn
1710,IMG/center_2026_08_01_17_54_22_352.jpg,-0.0837213,-0.07764210551977158,0.006079194480228423,0.006079194480228423,Small turn
1712,IMG/center_2026_08_01_17_54_22_488.jpg,-0.08842474,-0.04853330925107002,0.03989143074892998,0.03989143074892998,Small turn
1713,IMG/center_2026_08_01_17_54_22_561.jpg,-0.09595025,-0.02800857089459896,0.06794167910540104,0.06794167910540104,Small turn
1718,IMG/center_2026_08_01_17_54_22_912.jpg,-0.1044165,-0.0005490680923685431,0.10386743190763145,0.10386743190763145,Small turn
1725,IMG/center_2026_08_01_17_54_23_401.jpg,0.0,0.012830148451030254,0.012830148451030254,0.012830148451030254,Near straight
1731,IMG/center_2026_08_01_17_54_23_825.jpg,-0.03104273,-0.013906468637287617,0.017136261362712384,0.017136261362712384,Near straight
1732,IMG/center_2026_08_01_17_54_23_897.jpg,-0.03480548,-0.07291924208402634,-0.03811376208402634,0.03811376208402634,Near straight
1739,IMG/center_2026_08_01_17_54_24_385.jpg,-0.09689095,-0.12199544161558151,-0.02510449161558151,0.02510449161558151,Small turn
1740,IMG/center_2026_08_01_17_54_24_454.jpg,-0.09689095,-0.10809450596570969,-0.011203555965709683,0.011203555965709683,Small turn
1742,IMG/center_2026_08_01_17_54_24_592.jpg,-0.1044165,-0.1282779425382614,-0.023861442538261418,0.023861442538261418,Small turn
1744,IMG/center_2026_08_01_17_54_24_734.jpg,-0.1185268,-0.11692356318235397,0.0016032368176460282,0.0016032368176460282,Small turn
1746,IMG/center_2026_08_01_17_54_24_873.jpg,-0.1232302,-0.1349094659090042,-0.011679265909004213,0.011679265909004213,Small turn
1747,IMG/center_2026_08_01_17_54_24_940.jpg,-0.1241709,-0.12911005318164825,-0.004939153181648254,0.004939153181648254,Small turn
1754,IMG/center_2026_08_01_17_54_25_427.jpg,-0.09819834,-0.12778523564338684,-0.029586895643386846,0.029586895643386846,Small turn
1760,IMG/center_2026_08_01_17_54_25_843.jpg,-0.1649873,-0.13152466714382172,0.03346263285617829,0.03346263285617829,Small turn
1761,IMG/center_2026_08_01_17_54_25_912.jpg,-0.1649873,-0.12301159650087357,0.04197570349912644,0.04197570349912644,Small turn
1765,IMG/center_2026_08_01_17_54_26_195.jpg,-0.1649873,-0.10358285158872604,0.06140444841127396,0.06140444841127396,Small turn
1771,IMG/center_2026_08_01_17_54_26_610.jpg,-0.02727997,-0.10529675334692001,-0.07801678334692001,0.07801678334692001,Near straight
1772,IMG/center_2026_08_01_17_54_26_680.jpg,-0.03856824,-0.11385487765073776,-0.07528663765073776,0.07528663765073776,Near straight
1774,IMG/center_2026_08_01_17_54_26_814.jpg,-0.05550064,-0.10043417662382126,-0.04493353662382126,0.04493353662382126,Small turn
1776,IMG/center_2026_08_01_17_54_26_960.jpg,-0.08278062,-0.06455635279417038,0.01822426720582962,0.01822426720582962,Small turn
1777,IMG/center_2026_08_01_17_54_27_030.jpg,-0.09971301,-0.04114680364727974,0.058566206352720265,0.058566206352720265,Small turn
1783,IMG/center_2026_08_01_17_54_27_446.jpg,-0.1721461,-0.047088462859392166,0.12505763714060783,0.12505763714060783,Small turn
1785,IMG/center_2026_08_01_17_54_27_585.jpg,-0.1768495,-0.07608103007078171,0.10076846992921829,0.10076846992921829,Small turn
1786,IMG/center_2026_08_01_17_54_27_652.jpg,-0.1796716,-0.053841251879930496,0.1258303481200695,0.1258303481200695,Small turn
1787,IMG/center_2026_08_01_17_54_27_724.jpg,-0.1881378,-0.06747101992368698,0.12066678007631301,0.12066678007631301,Small turn
1791,IMG/center_2026_08_01_17_54_28_002.jpg,-0.1881378,-0.11296742409467697,0.07517037590532302,0.07517037590532302,Small turn
1808,IMG/center_2026_08_01_17_54_29_202.jpg,-0.09406888,-0.027622094377875328,0.06644678562212467,0.06644678562212467,Small turn
1809,IMG/center_2026_08_01_17_54_29_274.jpg,-0.1044165,-0.0272896196693182,0.0771268803306818,0.0771268803306818,Small turn
1812,IMG/center_2026_08_01_17_54_29_484.jpg,-0.111942,-0.01422195602208376,0.09772004397791624,0.09772004397791624,Small turn
1820,IMG/center_2026_08_01_17_54_30_052.jpg,-0.07713648,0.006207416299730539,0.08334389629973053,0.08334389629973053,Small turn
1823,IMG/center_2026_08_01_17_54_30_259.jpg,-0.08089923,-0.03257261589169502,0.04832661410830498,0.04832661410830498,Small turn
1837,IMG/center_2026_08_01_17_54_31_251.jpg,-0.07149234,-0.0731428787112236,-0.0016505387112236009,0.0016505387112236009,Small turn
1843,IMG/center_2026_08_01_17_54_31_680.jpg,-0.07431442,-0.0436285026371479,0.030685917362852103,0.030685917362852103,Small turn
1875,IMG/center_2026_08_01_17_54_33_941.jpg,0.0,-0.009132911451160908,-0.009132911451160908,0.009132911451160908,Near straight
1881,IMG/center_2026_08_01_17_54_34_369.jpg,-0.03950893,0.010678480379283428,0.050187410379283426,0.050187410379283426,Near straight
1882,IMG/center_2026_08_01_17_54_34_437.jpg,-0.03950893,0.002497027162462473,0.04200595716246247,0.04200595716246247,Near straight
1883,IMG/center_2026_08_01_17_54_34_505.jpg,-0.04044962,-0.009335328824818134,0.031114291175181864,0.031114291175181864,Near straight
1904,IMG/center_2026_08_01_17_54_36_002.jpg,-0.005644133,0.08512306958436966,0.09076720258436966,0.09076720258436966,Near straight
1906,IMG/center_2026_08_01_17_54_36_145.jpg,-0.009406888,0.09071279317140579,0.1001196811714058,0.1001196811714058,Near straight
1908,IMG/center_2026_08_01_17_54_36_284.jpg,-0.0169324,0.09332487732172012,0.11025727732172012,0.11025727732172012,Near straight
1911,IMG/center_2026_08_01_17_54_36_487.jpg,-0.06208546,0.07080293446779251,0.13288839446779252,0.13288839446779252,Small turn
1915,IMG/center_2026_08_01_17_54_36_768.jpg,-0.08183993,0.015994438901543617,0.09783436890154362,0.09783436890154362,Small turn
1953,IMG/center_2026_08_01_17_54_39_463.jpg,0.0,0.049630116671323776,0.049630116671323776,0.049630116671323776,Near straight
1976,IMG/center_2026_08_01_17_54_41_081.jpg,0.0,0.022025296464562416,0.022025296464562416,0.022025296464562416,Near straight
1999,IMG/center_2026_08_01_17_54_42_712.jpg,0.0,0.017804274335503578,0.017804274335503578,0.017804274335503578,Near straight
2003,IMG/center_2026_08_01_17_54_43_010.jpg,0.0,0.014800379984080791,0.014800379984080791,0.014800379984080791,Near straight
2008,IMG/center_2026_08_01_17_54_43_359.jpg,0.0,0.012471447698771954,0.012471447698771954,0.012471447698771954,Near straight
2015,IMG/center_2026_08_01_17_54_43_846.jpg,0.0,-0.01722179912030697,-0.01722179912030697,0.01722179912030697,Near straight
2026,IMG/center_2026_08_01_17_54_44_669.jpg,-0.03950893,0.01339710783213377,0.05290603783213377,0.05290603783213377,Near straight
2027,IMG/center_2026_08_01_17_54_44_742.jpg,-0.05455995,0.021464655175805092,0.07602460517580509,0.07602460517580509,Small turn
2029,IMG/center_2026_08_01_17_54_44_878.jpg,-0.07713648,0.005510280374437571,0.08264676037443756,0.08264676037443756,Small turn
2039,IMG/center_2026_08_01_17_54_45_586.jpg,-0.04044962,-0.003479947801679373,0.036969672198320626,0.036969672198320626,Near straight
2050,IMG/center_2026_08_01_17_54_46_391.jpg,-0.02727997,-0.027866533026099205,-0.0005865630260992044,0.0005865630260992044,Near straight
2054,IMG/center_2026_08_01_17_54_46_674.jpg,-0.1091199,-0.02120172046124935,0.08791817953875065,0.08791817953875065,Small turn
2056,IMG/center_2026_08_01_17_54_46_821.jpg,-0.1166454,-0.0034347674809396267,0.11321063251906037,0.11321063251906037,Small turn
2065,IMG/center_2026_08_01_17_54_47_475.jpg,-0.09500957,-0.060401905328035355,0.03460766467196465,0.03460766467196465,Small turn
2081,IMG/center_2026_08_01_17_54_48_611.jpg,-0.2422991,-0.08672290295362473,0.15557619704637526,0.15557619704637526,Medium turn
2089,IMG/center_2026_08_01_17_54_49_189.jpg,0.0,-0.06171368435025215,-0.06171368435025215,0.06171368435025215,Near straight
2112,IMG/center_2026_08_01_17_54_50_841.jpg,-0.212771,-0.16364873945713043,0.049122260542869556,0.049122260542869556,Medium turn
2114,IMG/center_2026_08_01_17_54_50_978.jpg,-0.2456952,-0.1751212626695633,0.07057393733043671,0.07057393733043671,Medium turn
2123,IMG/center_2026_08_01_17_54_51_629.jpg,0.0,-0.06774308532476425,-0.06774308532476425,0.06774308532476425,Near straight
2140,IMG/center_2026_08_01_17_54_52_852.jpg,-0.02445791,0.01953587867319584,0.04399378867319584,0.04399378867319584,Near straight
2142,IMG/center_2026_08_01_17_54_52_996.jpg,-0.02633929,0.006161222700029612,0.03250051270002961,0.03250051270002961,Near straight
2144,IMG/center_2026_08_01_17_54_53_133.jpg,0.0,0.022612640634179115,0.022612640634179115,0.022612640634179115,Near straight
2193,IMG/center_2026_08_01_17_54_56_596.jpg,0.0,-0.004944195505231619,-0.004944195505231619,0.004944195505231619,Near straight
2208,IMG/center_2026_08_01_17_54_57_654.jpg,0.04628508,0.09814811497926712,0.05186303497926712,0.05186303497926712,Near straight
2217,IMG/center_2026_08_01_17_54_58_285.jpg,0.03963648,0.14755122363567352,0.10791474363567352,0.10791474363567352,Near straight
2225,IMG/center_2026_08_01_17_54_58_845.jpg,0.1552615,0.1841631680727005,0.028901668072700504,0.028901668072700504,Small turn
2227,IMG/center_2026_08_01_17_54_58_981.jpg,0.157111,0.19044019281864166,0.03332919281864166,0.03332919281864166,Small turn
2235,IMG/center_2026_08_01_17_54_59_551.jpg,0.2719069,0.20991306006908417,-0.06199383993091584,0.06199383993091584,Medium turn
2247,IMG/center_2026_08_01_17_55_00_388.jpg,0.0,0.36182302236557007,0.36182302236557007,0.36182302236557007,Near straight
2252,IMG/center_2026_08_01_17_55_00_734.jpg,0.01664541,0.40928512811660767,0.3926397181166077,0.3926397181166077,Near straight
2257,IMG/center_2026_08_01_17_55_01_081.jpg,0.3001116,0.26696643233299255,-0.033145167667007425,0.033145167667007425,Medium turn
2258,IMG/center_2026_08_01_17_55_01_149.jpg,0.3260045,0.25321164727211,-0.07279285272788999,0.07279285272788999,Medium turn
2259,IMG/center_2026_08_01_17_55_01_222.jpg,0.3380261,0.2610299289226532,-0.0769961710773468,0.0769961710773468,Medium turn
2260,IMG/center_2026_08_01_17_55_01_291.jpg,0.3528221,0.2899949848651886,-0.06282711513481143,0.06282711513481143,Medium turn
2265,IMG/center_2026_08_01_17_55_01_645.jpg,0.4221779,0.24247927963733673,-0.17969862036266326,0.17969862036266326,Sharp turn
2268,IMG/center_2026_08_01_17_55_01_853.jpg,0.0,0.14175088703632355,0.14175088703632355,0.14175088703632355,Near straight
2278,IMG/center_2026_08_01_17_55_02_585.jpg,0.1044802,0.08078379184007645,-0.02369640815992355,0.02369640815992355,Small turn
2282,IMG/center_2026_08_01_17_55_02_862.jpg,0.1664541,0.04620708152651787,-0.12024701847348213,0.12024701847348213,Small turn
2288,IMG/center_2026_08_01_17_55_03_285.jpg,0.0,0.021968374028801918,0.021968374028801918,0.021968374028801918,Near straight
2292,IMG/center_2026_08_01_17_55_03_577.jpg,0.0,0.028825053945183754,0.028825053945183754,0.028825053945183754,Near straight
2334,IMG/center_2026_08_01_17_55_06_611.jpg,0.0,0.012022207491099834,0.012022207491099834,0.012022207491099834,Near straight
2359,IMG/center_2026_08_01_17_55_08_371.jpg,-0.1222895,-0.0599401481449604,0.06234935185503959,0.06234935185503959,Small turn
2365,IMG/center_2026_08_01_17_55_08_793.jpg,-0.02144451,-0.05821352079510689,-0.03676901079510689,0.03676901079510689,Near straight
2366,IMG/center_2026_08_01_17_55_08_867.jpg,-0.1162628,-0.05311836674809456,0.06314443325190544,0.06314443325190544,Small turn
2367,IMG/center_2026_08_01_17_55_08_934.jpg,-0.1473055,-0.07522036880254745,0.07208513119745255,0.07208513119745255,Small turn
2377,IMG/center_2026_08_01_17_55_09_640.jpg,-0.1143814,-0.16591018438339233,-0.05152878438339234,0.05152878438339234,Small turn
2379,IMG/center_2026_08_01_17_55_09_778.jpg,-0.1491869,-0.1982622891664505,-0.04907538916645049,0.04907538916645049,Small turn
2387,IMG/center_2026_08_01_17_55_10_341.jpg,-0.3956473,-0.1598060578107834,0.2358412421892166,0.2358412421892166,Medium turn
2398,IMG/center_2026_08_01_17_55_11_121.jpg,-0.3296078,-0.2284346967935562,0.10117310320644379,0.10117310320644379,Medium turn
2400,IMG/center_2026_08_01_17_55_11_254.jpg,-0.4236767,-0.20566721260547638,0.21800948739452364,0.21800948739452364,Sharp turn
2403,IMG/center_2026_08_01_17_55_11_464.jpg,-0.4481346,-0.08614170551300049,0.3619928944869995,0.3619928944869995,Sharp turn
2408,IMG/center_2026_08_01_17_55_11_826.jpg,-0.04891581,-0.008552958257496357,0.04036285174250364,0.04036285174250364,Near straight
2409,IMG/center_2026_08_01_17_55_11_894.jpg,-0.06584822,-0.03534277155995369,0.03050544844004631,0.03050544844004631,Small turn
2417,IMG/center_2026_08_01_17_55_12_461.jpg,-0.1740115,-0.11489980667829514,0.05911169332170488,0.05911169332170488,Small turn
2419,IMG/center_2026_08_01_17_55_12_602.jpg,-0.1805963,-0.08844352513551712,0.09215277486448287,0.09215277486448287,Small turn
2422,IMG/center_2026_08_01_17_55_12_812.jpg,-0.1843591,-0.1074826717376709,0.0768764282623291,0.0768764282623291,Small turn
2427,IMG/center_2026_08_01_17_55_13_162.jpg,-0.05644133,-0.08505849540233612,-0.028617165402336123,0.028617165402336123,Small turn
2428,IMG/center_2026_08_01_17_55_13_228.jpg,-0.1145727,-0.09695642441511154,0.017616275584888458,0.017616275584888458,Small turn
2432,IMG/center_2026_08_01_17_55_13_515.jpg,-0.1192762,-0.12315919250249863,-0.003882992502498628,0.003882992502498628,Small turn
2433,IMG/center_2026_08_01_17_55_13_589.jpg,-0.1192762,-0.11811123788356781,0.0011649621164321888,0.0011649621164321888,Small turn
2436,IMG/center_2026_08_01_17_55_13_802.jpg,-0.1220982,-0.07840102910995483,0.04369717089004517,0.04369717089004517,Small turn
2437,IMG/center_2026_08_01_17_55_13_868.jpg,-0.1220982,-0.05508715286850929,0.06701104713149071,0.06701104713149071,Small turn
2449,IMG/center_2026_08_01_17_55_14_711.jpg,-0.1751435,-0.01697309873998165,0.15817040126001836,0.15817040126001836,Small turn
2475,IMG/center_2026_08_01_17_55_16_575.jpg,0.0,-0.0763688012957573,-0.0763688012957573,0.0763688012957573,Near straight
2477,IMG/center_2026_08_01_17_55_16_718.jpg,-0.07055166,-0.1157049909234047,-0.04515333092340469,0.04515333092340469,Small turn
2490,IMG/center_2026_08_01_17_55_17_645.jpg,-0.06584822,-0.06931831687688828,-0.003470096876888276,0.003470096876888276,Small turn
2511,IMG/center_2026_08_01_17_55_19_124.jpg,-0.1053571,-0.06169934943318367,0.043657750566816325,0.043657750566816325,Small turn
2512,IMG/center_2026_08_01_17_55_19_192.jpg,-0.1110013,-0.0376061387360096,0.0733951612639904,0.0733951612639904,Small turn
2515,IMG/center_2026_08_01_17_55_19_394.jpg,-0.114764,-0.028966864570975304,0.0857971354290247,0.0857971354290247,Small turn
2524,IMG/center_2026_08_01_17_55_20_025.jpg,-0.004703444,-0.025285860523581505,-0.020582416523581504,0.020582416523581504,Near straight
2526,IMG/center_2026_08_01_17_55_20_164.jpg,-0.05644133,-0.00831769872456789,0.04812363127543211,0.04812363127543211,Small turn
2542,IMG/center_2026_08_01_17_55_21_271.jpg,-0.09030613,-0.03455613926053047,0.05574999073946953,0.05574999073946953,Small turn
2543,IMG/center_2026_08_01_17_55_21_339.jpg,-0.0921875,-0.016857406124472618,0.07533009387552739,0.07533009387552739,Small turn
2551,IMG/center_2026_08_01_17_55_21_908.jpg,-0.06208546,-0.02467375062406063,0.03741170937593937,0.03741170937593937,Small turn
2553,IMG/center_2026_08_01_17_55_22_047.jpg,-0.0837213,-0.03199012950062752,0.05173117049937248,0.05173117049937248,Small turn
2556,IMG/center_2026_08_01_17_55_22_258.jpg,0.0,-0.044504690915346146,-0.044504690915346146,0.044504690915346146,Near straight
2562,IMG/center_2026_08_01_17_55_22_688.jpg,-0.05926339,-0.03917812183499336,0.020085268165006637,0.020085268165006637,Small turn
2595,IMG/center_2026_08_01_17_55_25_008.jpg,0.0,-0.01831432245671749,-0.01831432245671749,0.01831432245671749,Near straight
2597,IMG/center_2026_08_01_17_55_25_148.jpg,-0.004703444,-0.017563899978995323,-0.012860455978995322,0.012860455978995322,Near straight
2610,IMG/center_2026_08_01_17_55_26_059.jpg,-0.04985651,-0.02713455818593502,0.02272195181406498,0.02272195181406498,Near straight
2611,IMG/center_2026_08_01_17_55_26_129.jpg,-0.05173788,-0.008528252132236958,0.04320962786776304,0.04320962786776304,Small turn
2617,IMG/center_2026_08_01_17_55_26_557.jpg,0.0,-0.025001903995871544,-0.025001903995871544,0.025001903995871544,Near straight
2625,IMG/center_2026_08_01_17_55_27_125.jpg,0.0,-0.04882519319653511,-0.04882519319653511,0.04882519319653511,Near straight
2631,IMG/center_2026_08_01_17_55_27_557.jpg,-0.02727997,-0.033185381442308426,-0.005905411442308425,0.005905411442308425,Near straight
2632,IMG/center_2026_08_01_17_55_27_625.jpg,-0.02727997,-0.01118855644017458,0.01609141355982542,0.01609141355982542,Near straight
2633,IMG/center_2026_08_01_17_55_27_692.jpg,-0.02727997,-0.0035225055180490017,0.023757464481951,0.023757464481951,Near straight
2635,IMG/center_2026_08_01_17_55_27_829.jpg,-0.02727997,0.0064881243743002415,0.03376809437430024,0.03376809437430024,Near straight
2636,IMG/center_2026_08_01_17_55_27_902.jpg,-0.02727997,-0.008882750757038593,0.018397219242961407,0.018397219242961407,Near straight
2640,IMG/center_2026_08_01_17_55_28_185.jpg,-0.03292411,-0.0038226149044930935,0.029101495095506906,0.029101495095506906,Near straight
2643,IMG/center_2026_08_01_17_55_28_393.jpg,-0.03480548,-0.0018129845848307014,0.0329924954151693,0.0329924954151693,Near straight
2658,IMG/center_2026_08_01_17_55_29_435.jpg,0.0,-0.018684258684515953,-0.018684258684515953,0.018684258684515953,Near straight
2691,IMG/center_2026_08_01_17_55_31_736.jpg,-0.02351722,-0.018863966688513756,0.004653253311486243,0.004653253311486243,Near straight
2693,IMG/center_2026_08_01_17_55_31_882.jpg,-0.03762755,-0.021995266899466515,0.015632283100533488,0.015632283100533488,Near straight
2712,IMG/center_2026_08_01_17_55_33_231.jpg,-0.01316964,-0.008087565191090107,0.005082074808909893,0.005082074808909893,Near straight
2714,IMG/center_2026_08_01_17_55_33_375.jpg,-0.02633929,0.0035777189768850803,0.02991700897688508,0.02991700897688508,Near straight
2726,IMG/center_2026_08_01_17_55_34_224.jpg,0.0,-0.0050634643994271755,-0.0050634643994271755,0.0050634643994271755,Near straight
2730,IMG/center_2026_08_01_17_55_34_506.jpg,-0.002822067,-0.013016988523304462,-0.010194921523304461,0.010194921523304461,Near straight
2731,IMG/center_2026_08_01_17_55_34_579.jpg,-0.01505102,-0.015023459680378437,2.756031962156298e-05,2.756031962156298e-05,Near straight
2732,IMG/center_2026_08_01_17_55_34_649.jpg,-0.02257653,-0.016495337709784508,0.006081192290215493,0.006081192290215493,Near straight
2737,IMG/center_2026_08_01_17_55_34_997.jpg,-0.02727997,-0.009856154210865498,0.017423815789134503,0.017423815789134503,Near straight
2756,IMG/center_2026_08_01_17_55_36_343.jpg,-0.01128827,-0.020601680502295494,-0.009313410502295495,0.009313410502295495,Near straight
2758,IMG/center_2026_08_01_17_55_36_486.jpg,-0.01128827,-0.031033417209982872,-0.019745147209982872,0.019745147209982872,Near straight
2767,IMG/center_2026_08_01_17_55_37_108.jpg,-0.0169324,-0.02048533223569393,-0.0035529322356939314,0.0035529322356939314,Near straight
2773,IMG/center_2026_08_01_17_55_37_528.jpg,-0.0253986,-0.0030596754513680935,0.022338924548631907,0.022338924548631907,Near straight
2774,IMG/center_2026_08_01_17_55_37_596.jpg,-0.0253986,-0.008898784406483173,0.016499815593516827,0.016499815593516827,Near straight
2780,IMG/center_2026_08_01_17_55_38_017.jpg,-0.03104273,-0.011374165304005146,0.019668564695994855,0.019668564695994855,Near straight
2790,IMG/center_2026_08_01_17_55_38_725.jpg,-0.01222895,-0.011993278749287128,0.00023567125071287214,0.00023567125071287214,Near straight
2793,IMG/center_2026_08_01_17_55_38_930.jpg,-0.01316964,-0.022165289148688316,-0.008995649148688317,0.008995649148688317,Near straight
2799,IMG/center_2026_08_01_17_55_39_368.jpg,0.0,-0.004409839864820242,-0.004409839864820242,0.004409839864820242,Near straight
2800,IMG/center_2026_08_01_17_55_39_442.jpg,-0.01222895,-0.010141481645405293,0.002087468354594708,0.002087468354594708,Near straight
2801,IMG/center_2026_08_01_17_55_39_509.jpg,-0.01222895,-0.009202350862324238,0.0030265991376757628,0.0030265991376757628,Near straight
2802,IMG/center_2026_08_01_17_55_39_579.jpg,-0.01222895,-0.022863199934363365,-0.010634249934363365,0.010634249934363365,Near straight
2807,IMG/center_2026_08_01_17_55_39_925.jpg,-0.01505102,-0.03337137773633003,-0.018320357736330034,0.018320357736330034,Near straight
2836,IMG/center_2026_08_01_17_55_41_975.jpg,-0.03198342,-0.035139698535203934,-0.003156278535203935,0.003156278535203935,Near straight
2838,IMG/center_2026_08_01_17_55_42_115.jpg,-0.03198342,-0.04190116003155708,-0.009917740031557085,0.009917740031557085,Near straight
2853,IMG/center_2026_08_01_17_55_43_179.jpg,-0.0338648,-0.017622878775000572,0.016241921224999428,0.016241921224999428,Near straight
2857,IMG/center_2026_08_01_17_55_43_459.jpg,0.0,-0.0038534305058419704,-0.0038534305058419704,0.0038534305058419704,Near straight
2868,IMG/center_2026_08_01_17_55_44_249.jpg,-0.02163584,-0.028252532705664635,-0.006616692705664635,0.006616692705664635,Near straight
2869,IMG/center_2026_08_01_17_55_44_319.jpg,-0.02727997,-0.05451883748173714,-0.027238867481737136,0.027238867481737136,Near straight
2870,IMG/center_2026_08_01_17_55_44_388.jpg,-0.03668686,-0.05368022993206978,-0.016993369932069777,0.016993369932069777,Near straight
2871,IMG/center_2026_08_01_17_55_44_461.jpg,-0.03856824,-0.03808783367276192,0.0004804063272380796,0.0004804063272380796,Near straight
2872,IMG/center_2026_08_01_17_55_44_528.jpg,-0.042331,-0.05291493609547615,-0.01058393609547615,0.01058393609547615,Near straight
2877,IMG/center_2026_08_01_17_55_44_874.jpg,-0.08654337,-0.06877320259809494,0.017770167401905054,0.017770167401905054,Small turn
2879,IMG/center_2026_08_01_17_55_45_018.jpg,-0.09124681,-0.06243227794766426,0.028814532052335737,0.028814532052335737,Small turn
2880,IMG/center_2026_08_01_17_55_45_088.jpg,-0.09124681,-0.06562071293592453,0.025626097064075468,0.025626097064075468,Small turn
2881,IMG/center_2026_08_01_17_55_45_157.jpg,-0.09124681,-0.09727775305509567,-0.006030943055095675,0.006030943055095675,Small turn
2884,IMG/center_2026_08_01_17_55_45_371.jpg,-0.09124681,-0.11203848570585251,-0.02079167570585251,0.02079167570585251,Small turn
2891,IMG/center_2026_08_01_17_55_45_871.jpg,-0.01411033,-0.06856920570135117,-0.05445887570135116,0.05445887570135116,Near straight
2892,IMG/center_2026_08_01_17_55_45_944.jpg,-0.01599171,-0.041456300765275955,-0.025464590765275956,0.025464590765275956,Near straight
2900,IMG/center_2026_08_01_17_55_46_502.jpg,-0.04797513,-0.09640460461378098,-0.04842947461378098,0.04842947461378098,Near straight
2903,IMG/center_2026_08_01_17_55_46_712.jpg,-0.06584822,-0.10183846205472946,-0.03599024205472946,0.03599024205472946,Small turn
2913,IMG/center_2026_08_01_17_55_47_415.jpg,-0.03010204,-0.1265210658311844,-0.09641902583118439,0.09641902583118439,Near straight
2916,IMG/center_2026_08_01_17_55_47_627.jpg,-0.04421237,-0.09548281878232956,-0.05127044878232956,0.05127044878232956,Near straight
2930,IMG/center_2026_08_01_17_55_48_608.jpg,-0.1721461,-0.09086903184652328,0.08127706815347671,0.08127706815347671,Small turn
2932,IMG/center_2026_08_01_17_55_48_747.jpg,0.0,-0.0937533900141716,-0.0937533900141716,0.0937533900141716,Near straight
2935,IMG/center_2026_08_01_17_55_48_960.jpg,-0.01128827,-0.12470372766256332,-0.11341545766256332,0.11341545766256332,Near straight
2941,IMG/center_2026_08_01_17_55_49_380.jpg,-0.1411033,-0.11499901860952377,0.026104281390476214,0.026104281390476214,Small turn
2944,IMG/center_2026_08_01_17_55_49_588.jpg,-0.1580357,-0.11325245350599289,0.04478324649400711,0.04478324649400711,Small turn
2958,IMG/center_2026_08_01_17_55_50_571.jpg,-0.07807717,-0.10594835132360458,-0.027871181323604582,0.027871181323604582,Small turn
2962,IMG/center_2026_08_01_17_55_50_855.jpg,-0.1476881,-0.11815067380666733,0.02953742619333266,0.02953742619333266,Small turn
2966,IMG/center_2026_08_01_17_55_51_134.jpg,-0.2088329,-0.0794212743639946,0.1294116256360054,0.1294116256360054,Medium turn
2976,IMG/center_2026_08_01_17_55_51_832.jpg,-0.02069516,-0.1027069017291069,-0.0820117417291069,0.0820117417291069,Near straight
2979,IMG/center_2026_08_01_17_55_52_047.jpg,-0.1053571,-0.08685480803251266,0.01850229196748733,0.01850229196748733,Small turn
2997,IMG/center_2026_08_01_17_55_53_311.jpg,-0.1316964,-0.11803054064512253,0.013665859354877463,0.013665859354877463,Small turn
3001,IMG/center_2026_08_01_17_55_53_602.jpg,-0.142044,-0.10114776343107224,0.04089623656892777,0.04089623656892777,Small turn
3002,IMG/center_2026_08_01_17_55_53_674.jpg,-0.142044,-0.10434185713529587,0.037702142864704136,0.037702142864704136,Small turn
3016,IMG/center_2026_08_01_17_55_54_681.jpg,-0.1034758,-0.033311713486909866,0.07016408651309014,0.07016408651309014,Small turn
3028,IMG/center_2026_08_01_17_55_55_528.jpg,-0.07337373,-0.047455478459596634,0.025918251540403364,0.025918251540403364,Small turn
3043,IMG/center_2026_08_01_17_55_56_576.jpg,-0.04044962,-0.055296409875154495,-0.014846789875154497,0.014846789875154497,Near straight
3045,IMG/center_2026_08_01_17_55_56_714.jpg,-0.0667889,-0.0576738603413105,0.009115039658689497,0.009115039658689497,Small turn
3054,IMG/center_2026_08_01_17_55_57_351.jpg,-0.042331,-0.005321731325238943,0.03700926867476106,0.03700926867476106,Near straight
3055,IMG/center_2026_08_01_17_55_57_424.jpg,-0.04609375,-0.0032026669941842556,0.04289108300581575,0.04289108300581575,Near straight
3069,IMG/center_2026_08_01_17_55_58_396.jpg,-0.05926339,-0.018577149137854576,0.04068624086214542,0.04068624086214542,Small turn
3081,IMG/center_2026_08_01_17_55_59_242.jpg,-0.04421237,-0.02047579549252987,0.023736574507470132,0.023736574507470132,Near straight
3084,IMG/center_2026_08_01_17_55_59_454.jpg,-0.06396683,-0.003081222530454397,0.060885607469545605,0.060885607469545605,Small turn
3086,IMG/center_2026_08_01_17_55_59_592.jpg,-0.0667889,-0.011790742166340351,0.05499815783365965,0.05499815783365965,Small turn
3096,IMG/center_2026_08_01_17_56_00_291.jpg,-0.02822066,0.06579870730638504,0.09401936730638505,0.09401936730638505,Near straight
3099,IMG/center_2026_08_01_17_56_00_507.jpg,-0.04609375,0.04764319583773613,0.09373694583773613,0.09373694583773613,Near straight
3121,IMG/center_2026_08_01_17_56_02_059.jpg,0.0,0.03721333667635918,0.03721333667635918,0.03721333667635918,Near straight
3180,IMG/center_2026_08_01_17_56_06_397.jpg,0.0,0.015659162774682045,0.015659162774682045,0.015659162774682045,Near straight
3182,IMG/center_2026_08_01_17_56_06_538.jpg,0.0,0.03454883024096489,0.03454883024096489,0.03454883024096489,Near straight
3210,IMG/center_2026_08_01_17_56_08_534.jpg,0.0,-0.005093803163617849,-0.005093803163617849,0.005093803163617849,Near straight
3217,IMG/center_2026_08_01_17_56_09_026.jpg,-0.0667889,0.01676679588854313,0.08355569588854313,0.08355569588854313,Small turn
3219,IMG/center_2026_08_01_17_56_09_168.jpg,-0.07901786,0.013469944708049297,0.09248780470804929,0.09248780470804929,Small turn
3243,IMG/center_2026_08_01_17_56_10_869.jpg,-0.05738201,-0.010431160219013691,0.046950849780986306,0.046950849780986306,Small turn
3253,IMG/center_2026_08_01_17_56_11_578.jpg,-0.09595025,-0.02493601106107235,0.07101423893892765,0.07101423893892765,Small turn
3255,IMG/center_2026_08_01_17_56_11_715.jpg,-0.1100606,-0.043737877160310745,0.06632272283968925,0.06632272283968925,Small turn
3270,IMG/center_2026_08_01_17_56_12_792.jpg,-0.1954719,-0.10808291286230087,0.08738898713769913,0.08738898713769913,Small turn
3271,IMG/center_2026_08_01_17_56_12_865.jpg,-0.2189892,-0.10922933369874954,0.10975986630125045,0.10975986630125045,Medium turn
3283,IMG/center_2026_08_01_17_56_13_708.jpg,-0.2688457,-0.19581173360347748,0.07303396639652254,0.07303396639652254,Medium turn
3287,IMG/center_2026_08_01_17_56_14_010.jpg,-0.08560267,-0.2694033682346344,-0.1838006982346344,0.1838006982346344,Small turn
3300,IMG/center_2026_08_01_17_56_14_942.jpg,-0.4863361,-0.08432696014642715,0.40200913985357284,0.40200913985357284,Sharp turn
3307,IMG/center_2026_08_01_17_56_15_443.jpg,0.0,0.09767276793718338,0.09767276793718338,0.09767276793718338,Near straight
3319,IMG/center_2026_08_01_17_56_16_323.jpg,0.0,-0.026716729626059532,-0.026716729626059532,0.026716729626059532,Near straight
3339,IMG/center_2026_08_01_17_56_17_769.jpg,-0.05926339,0.00464648986235261,0.06390987986235261,0.06390987986235261,Small turn
3357,IMG/center_2026_08_01_17_56_19_045.jpg,-0.02633929,-0.04394308105111122,-0.01760379105111122,0.01760379105111122,Near straight
3359,IMG/center_2026_08_01_17_56_19_189.jpg,-0.08466199,-0.053314048796892166,0.03134794120310784,0.03134794120310784,Small turn
3369,IMG/center_2026_08_01_17_56_19_907.jpg,0.0,0.020787755027413368,0.020787755027413368,0.020787755027413368,Near straight
3373,IMG/center_2026_08_01_17_56_20_193.jpg,0.0,-0.0029165945015847683,-0.0029165945015847683,0.0029165945015847683,Near straight
3383,IMG/center_2026_08_01_17_56_20_888.jpg,0.0,0.03922724351286888,0.03922724351286888,0.03922724351286888,Near straight
3420,IMG/center_2026_08_01_17_56_23_486.jpg,0.2654337,0.25054025650024414,-0.014893443499755854,0.014893443499755854,Medium turn
3427,IMG/center_2026_08_01_17_56_23_974.jpg,0.002774235,0.3586519956588745,0.3558777606588745,0.3558777606588745,Near straight
3433,IMG/center_2026_08_01_17_56_24_389.jpg,0.3592953,0.3677130937576294,0.00841779375762941,0.00841779375762941,Medium turn
3451,IMG/center_2026_08_01_17_56_25_655.jpg,-0.08466199,-0.046956587582826614,0.03770540241717339,0.03770540241717339,Small turn
3462,IMG/center_2026_08_01_17_56_26_474.jpg,0.0,0.02299339510500431,0.02299339510500431,0.02299339510500431,Near straight
3463,IMG/center_2026_08_01_17_56_26_545.jpg,0.0009247449,0.021853217855095863,0.020928472955095864,0.020928472955095864,Near straight
3469,IMG/center_2026_08_01_17_56_26_965.jpg,0.05825893,0.04036463424563408,-0.01789429575436592,0.01789429575436592,Small turn
3473,IMG/center_2026_08_01_17_56_27_246.jpg,0.05825893,0.04547060653567314,-0.012788323464326859,0.012788323464326859,Small turn
3485,IMG/center_2026_08_01_17_56_28_095.jpg,0.0,-0.006695499178022146,-0.006695499178022146,0.006695499178022146,Near straight
3493,IMG/center_2026_08_01_17_56_28_667.jpg,0.0,-0.02206074260175228,-0.02206074260175228,0.02206074260175228,Near straight
3496,IMG/center_2026_08_01_17_56_28_880.jpg,0.0,-0.03442351892590523,-0.03442351892590523,0.03442351892590523,Near straight
3507,IMG/center_2026_08_01_17_56_29_675.jpg,0.0,-0.044156838208436966,-0.044156838208436966,0.044156838208436966,Near straight
3509,IMG/center_2026_08_01_17_56_29_820.jpg,-0.03856824,-0.04121910408139229,-0.0026508640813922915,0.0026508640813922915,Near straight
3510,IMG/center_2026_08_01_17_56_29_889.jpg,-0.06020408,-0.027875712141394615,0.032328367858605385,0.032328367858605385,Small turn
3513,IMG/center_2026_08_01_17_56_30_098.jpg,-0.0752551,-0.038282860070466995,0.03697223992953301,0.03697223992953301,Small turn
3527,IMG/center_2026_08_01_17_56_31_105.jpg,-0.0752551,-0.026482393965125084,0.04877270603487492,0.04877270603487492,Small turn
3529,IMG/center_2026_08_01_17_56_31_244.jpg,-0.09971301,-0.023443331941962242,0.07626967805803776,0.07626967805803776,Small turn
3530,IMG/center_2026_08_01_17_56_31_311.jpg,-0.1138233,-0.030853619799017906,0.0829696802009821,0.0829696802009821,Small turn
3534,IMG/center_2026_08_01_17_56_31_595.jpg,-0.1476881,-0.04658954218029976,0.10109855781970023,0.10109855781970023,Small turn
3535,IMG/center_2026_08_01_17_56_31_668.jpg,-0.1476881,-0.0488504059612751,0.09883769403872489,0.09883769403872489,Small turn
3536,IMG/center_2026_08_01_17_56_31_737.jpg,-0.1476881,-0.0424189455807209,0.10526915441927909,0.10526915441927909,Small turn
3545,IMG/center_2026_08_01_17_56_32_386.jpg,-0.1390306,-0.08452778309583664,0.054502816904163365,0.054502816904163365,Small turn
3549,IMG/center_2026_08_01_17_56_32_674.jpg,-0.2302774,-0.08004166930913925,0.15023573069086074,0.15023573069086074,Medium turn
3558,IMG/center_2026_08_01_17_56_33_307.jpg,-0.09312818,-0.11612873524427414,-0.023000555244274135,0.023000555244274135,Small turn
3566,IMG/center_2026_08_01_17_56_33_863.jpg,-0.3582111,-0.17297758162021637,0.18523351837978363,0.18523351837978363,Medium turn
3576,IMG/center_2026_08_01_17_56_34_565.jpg,-0.2066805,-0.17610760033130646,0.03057289966869353,0.03057289966869353,Medium turn
3578,IMG/center_2026_08_01_17_56_34_707.jpg,-0.214206,-0.17194966971874237,0.04225633028125764,0.04225633028125764,Medium turn
3592,IMG/center_2026_08_01_17_56_35_707.jpg,-0.07149234,-0.0685538724064827,0.002938467593517305,0.002938467593517305,Small turn
3593,IMG/center_2026_08_01_17_56_35_774.jpg,-0.07149234,-0.0948149785399437,-0.023322638539943694,0.023322638539943694,Small turn
3596,IMG/center_2026_08_01_17_56_35_978.jpg,-0.1062978,-0.07508281618356705,0.03121498381643295,0.03121498381643295,Small turn
3604,IMG/center_2026_08_01_17_56_36_542.jpg,-0.1984853,-0.08901001513004303,0.10947528486995697,0.10947528486995697,Small turn
3623,IMG/center_2026_08_01_17_56_37_867.jpg,-0.04139031,0.0052504935301840305,0.04664080353018403,0.04664080353018403,Near straight
3643,IMG/center_2026_08_01_17_56_39_271.jpg,-0.02445791,-0.08495024591684341,-0.060492335916843415,0.060492335916843415,Near straight
3649,IMG/center_2026_08_01_17_56_39_692.jpg,-0.09689095,-0.10435869544744492,-0.007467745447444912,0.007467745447444912,Small turn
3651,IMG/center_2026_08_01_17_56_39_826.jpg,-0.1053571,-0.08673153072595596,0.018625569274044032,0.018625569274044032,Small turn
3653,IMG/center_2026_08_01_17_56_39_968.jpg,-0.1411033,-0.07209039479494095,0.06901290520505904,0.06901290520505904,Small turn
3654,IMG/center_2026_08_01_17_56_40_035.jpg,-0.1636799,-0.09824251383543015,0.06543738616456984,0.06543738616456984,Small turn
3655,IMG/center_2026_08_01_17_56_40_108.jpg,-0.1900191,-0.11408660560846329,0.07593249439153671,0.07593249439153671,Small turn
3657,IMG/center_2026_08_01_17_56_40_249.jpg,-0.1956633,-0.09427570551633835,0.10138759448366166,0.10138759448366166,Small turn
3687,IMG/center_2026_08_01_17_56_42_386.jpg,-0.1298151,-0.03853156045079231,0.09128353954920768,0.09128353954920768,Small turn
3689,IMG/center_2026_08_01_17_56_42_520.jpg,-0.1307557,-0.028060128912329674,0.10269557108767033,0.10269557108767033,Small turn
3690,IMG/center_2026_08_01_17_56_42_588.jpg,-0.1316964,-0.008907605893909931,0.12278879410609006,0.12278879410609006,Small turn
3706,IMG/center_2026_08_01_17_56_43_725.jpg,-0.05550064,-0.030703773722052574,0.024796866277947423,0.024796866277947423,Small turn
3707,IMG/center_2026_08_01_17_56_43_792.jpg,-0.05832271,-0.018465599045157433,0.03985711095484257,0.03985711095484257,Small turn
3709,IMG/center_2026_08_01_17_56_43_928.jpg,-0.06961097,-0.029322227463126183,0.04028874253687381,0.04028874253687381,Small turn
3711,IMG/center_2026_08_01_17_56_44_071.jpg,-0.07995854,-0.012383480556309223,0.06757505944369077,0.06757505944369077,Small turn
3716,IMG/center_2026_08_01_17_56_44_414.jpg,-0.0009406888,-0.04134266451001167,-0.040401975710011674,0.040401975710011674,Near straight
3717,IMG/center_2026_08_01_17_56_44_485.jpg,-0.0009406888,-0.0407845564186573,-0.039843867618657304,0.039843867618657304,Near straight
3719,IMG/center_2026_08_01_17_56_44_619.jpg,-0.009406888,-0.026027610525488853,-0.01662072252548885,0.01662072252548885,Near straight
3720,IMG/center_2026_08_01_17_56_44_688.jpg,-0.01128827,-0.0198375191539526,-0.008549249153952599,0.008549249153952599,Near straight
3724,IMG/center_2026_08_01_17_56_44_963.jpg,-0.01787309,-0.025981148704886436,-0.008108058704886435,0.008108058704886435,Near straight
3727,IMG/center_2026_08_01_17_56_45_169.jpg,-0.02633929,-0.04250146821141243,-0.01616217821141243,0.01616217821141243,Near straight
3731,IMG/center_2026_08_01_17_56_45_445.jpg,-0.04703444,-0.03881918266415596,0.008215257335844037,0.008215257335844037,Near straight
3753,IMG/center_2026_08_01_17_56_46_996.jpg,0.3,-0.014063646085560322,-0.3140636460855603,0.3140636460855603,Medium turn
3754,IMG/center_2026_08_01_17_56_47_064.jpg,-0.01222895,-0.028240134939551353,-0.01601118493955135,0.01601118493955135,Near straight
3755,IMG/center_2026_08_01_17_56_47_130.jpg,-0.03104273,-0.006042858120054007,0.024999871879945994,0.024999871879945994,Near straight
3766,IMG/center_2026_08_01_17_56_47_909.jpg,0.15,0.07967833429574966,-0.07032166570425033,0.07032166570425033,Small turn
3781,IMG/center_2026_08_01_17_56_48_968.jpg,-0.003762755,-0.03273223713040352,-0.02896948213040352,0.02896948213040352,Near straight
3785,IMG/center_2026_08_01_17_56_49_248.jpg,-0.02822066,-0.038374532014131546,-0.010153872014131544,0.010153872014131544,Near straight
3786,IMG/center_2026_08_01_17_56_49_321.jpg,-0.03198342,-0.05337606742978096,-0.02139264742978096,0.02139264742978096,Near straight
3787,IMG/center_2026_08_01_17_56_49_388.jpg,-0.0338648,-0.05461199954152107,-0.020747199541521072,0.020747199541521072,Near straight
3797,IMG/center_2026_08_01_17_56_50_091.jpg,-0.05361926,-0.037181396037340164,0.016437863962659838,0.016437863962659838,Small turn
3802,IMG/center_2026_08_01_17_56_50_440.jpg,0.0,-0.028943529352545738,-0.028943529352545738,0.028943529352545738,Near straight
3817,IMG/center_2026_08_01_17_56_51_495.jpg,-0.0169324,-0.044593144208192825,-0.027660744208192825,0.027660744208192825,Near straight
3818,IMG/center_2026_08_01_17_56_51_568.jpg,-0.02257653,-0.030975690111517906,-0.008399160111517905,0.008399160111517905,Near straight
3824,IMG/center_2026_08_01_17_56_52_002.jpg,-0.03856824,-0.017363449558615685,0.021204790441384312,0.021204790441384312,Near straight
3825,IMG/center_2026_08_01_17_56_52_074.jpg,-0.03856824,-0.02148919366300106,0.017079046336998936,0.017079046336998936,Near straight
3828,IMG/center_2026_08_01_17_56_52_284.jpg,-0.03856824,-0.0436658151447773,-0.005097575144777301,0.005097575144777301,Near straight
3831,IMG/center_2026_08_01_17_56_52_490.jpg,-0.03856824,-0.04018940404057503,-0.0016211640405750308,0.0016211640405750308,Near straight
3867,IMG/center_2026_08_01_17_56_55_015.jpg,-0.07149234,-0.038323212414979935,0.03316912758502007,0.03316912758502007,Small turn
3868,IMG/center_2026_08_01_17_56_55_089.jpg,-0.08089923,-0.041645247489213943,0.03925398251078606,0.03925398251078606,Small turn
3870,IMG/center_2026_08_01_17_56_55_228.jpg,-0.08089923,-0.05372380092740059,0.027175429072599414,0.027175429072599414,Small turn
3922,IMG/center_2026_08_01_17_56_58_911.jpg,-0.03292411,-0.022579630836844444,0.010344479163155555,0.010344479163155555,Near straight
3925,IMG/center_2026_08_01_17_56_59_130.jpg,-0.03292411,-0.018799057230353355,0.014125052769646644,0.014125052769646644,Near straight
3926,IMG/center_2026_08_01_17_56_59_202.jpg,-0.0338648,-0.023696502670645714,0.010168297329354287,0.010168297329354287,Near straight
3927,IMG/center_2026_08_01_17_56_59_273.jpg,-0.0338648,-0.027728280052542686,0.006136519947457314,0.006136519947457314,Near straight
3936,IMG/center_2026_08_01_17_56_59_910.jpg,-0.01316964,-0.029746225103735924,-0.016576585103735924,0.016576585103735924,Near straight
3942,IMG/center_2026_08_01_17_57_00_322.jpg,-0.01505102,-0.0248598363250494,-0.0098088163250494,0.0098088163250494,Near straight
3944,IMG/center_2026_08_01_17_57_00_463.jpg,-0.01599171,0.00043756759259849787,0.016429277592598497,0.016429277592598497,Near straight
3978,IMG/center_2026_08_01_17_57_02_863.jpg,-0.05267857,-0.04071091488003731,0.011967655119962693,0.011967655119962693,Small turn
3980,IMG/center_2026_08_01_17_57_03_002.jpg,-0.05455995,-0.03201617673039436,0.02254377326960564,0.02254377326960564,Small turn
3987,IMG/center_2026_08_01_17_57_03_502.jpg,-0.02633929,-0.023695042356848717,0.0026442476431512846,0.0026442476431512846,Near straight
3988,IMG/center_2026_08_01_17_57_03_572.jpg,-0.03480548,-0.022550424560904503,0.012255055439095497,0.012255055439095497,Near straight
3989,IMG/center_2026_08_01_17_57_03_639.jpg,-0.03950893,-0.034582871943712234,0.004926058056287763,0.004926058056287763,Near straight
4000,IMG/center_2026_08_01_17_57_04_416.jpg,-0.003762755,-0.014612664468586445,-0.010849909468586445,0.010849909468586445,Near straight
4004,IMG/center_2026_08_01_17_57_04_701.jpg,-0.0169324,-0.019600918516516685,-0.0026685185165166853,0.0026685185165166853,Near straight
4011,IMG/center_2026_08_01_17_57_05_185.jpg,-0.02445791,-0.026348253712058067,-0.001890343712058068,0.001890343712058068,Near straight
4013,IMG/center_2026_08_01_17_57_05_323.jpg,0.0,-0.029677024111151695,-0.029677024111151695,0.029677024111151695,Near straight
4021,IMG/center_2026_08_01_17_57_05_886.jpg,-0.05455995,-0.034085799008607864,0.02047415099139214,0.02047415099139214,Small turn
4022,IMG/center_2026_08_01_17_57_05_955.jpg,-0.05455995,-0.037736404687166214,0.01682354531283379,0.01682354531283379,Small turn
4030,IMG/center_2026_08_01_17_57_06_515.jpg,-0.02445791,-0.022728314623236656,0.0017295953767633432,0.0017295953767633432,Near straight
4035,IMG/center_2026_08_01_17_57_06_872.jpg,-0.04891581,-0.03105091117322445,0.017864898826775548,0.017864898826775548,Near straight
4051,IMG/center_2026_08_01_17_57_08_006.jpg,-0.04609375,-0.07226579636335373,-0.026172046363353726,0.026172046363353726,Near straight
4054,IMG/center_2026_08_01_17_57_08_211.jpg,-0.06490753,-0.08912675827741623,-0.024219228277416224,0.024219228277416224,Small turn
4058,IMG/center_2026_08_01_17_57_08_489.jpg,-0.07807717,-0.10472946614027023,-0.026652296140270232,0.026652296140270232,Small turn
4073,IMG/center_2026_08_01_17_57_09_551.jpg,-0.02727997,-0.09253748506307602,-0.06525751506307602,0.06525751506307602,Near straight
4076,IMG/center_2026_08_01_17_57_09_758.jpg,-0.02822066,-0.1066909059882164,-0.07847024598821639,0.07847024598821639,Near straight
4078,IMG/center_2026_08_01_17_57_09_902.jpg,-0.02822066,-0.07460179179906845,-0.04638113179906845,0.04638113179906845,Near straight
4079,IMG/center_2026_08_01_17_57_09_974.jpg,-0.02822066,-0.09259536117315292,-0.06437470117315292,0.06437470117315292,Near straight
4080,IMG/center_2026_08_01_17_57_10_042.jpg,-0.0338648,-0.07773657888174057,-0.04387177888174057,0.04387177888174057,Near straight
4084,IMG/center_2026_08_01_17_57_10_318.jpg,-0.04515307,-0.09899117797613144,-0.05383810797613144,0.05383810797613144,Near straight
4085,IMG/center_2026_08_01_17_57_10_388.jpg,-0.04515307,-0.09534924477338791,-0.05019617477338791,0.05019617477338791,Near straight
4086,IMG/center_2026_08_01_17_57_10_460.jpg,-0.06020408,-0.11471688002347946,-0.05451280002347946,0.05451280002347946,Small turn
4094,IMG/center_2026_08_01_17_57_11_018.jpg,-0.07149234,-0.1038651093840599,-0.032372769384059905,0.032372769384059905,Small turn
4097,IMG/center_2026_08_01_17_57_11_228.jpg,-0.09312818,-0.12427926808595657,-0.03115108808595657,0.03115108808595657,Small turn
4103,IMG/center_2026_08_01_17_57_11_646.jpg,-0.09406888,-0.10375473648309708,-0.009685856483097083,0.009685856483097083,Small turn
4105,IMG/center_2026_08_01_17_57_11_781.jpg,-0.09406888,-0.11103951185941696,-0.016970631859416968,0.016970631859416968,Small turn
4114,IMG/center_2026_08_01_17_57_12_412.jpg,-0.001881378,-0.09321516007184982,-0.09133378207184982,0.09133378207184982,Near straight
4115,IMG/center_2026_08_01_17_57_12_481.jpg,-0.03104273,-0.12963201105594635,-0.09858928105594635,0.09858928105594635,Near straight
4119,IMG/center_2026_08_01_17_57_12_763.jpg,-0.05550064,-0.11372821778059006,-0.05822757778059006,0.05822757778059006,Small turn
4134,IMG/center_2026_08_01_17_57_13_810.jpg,-0.1909598,-0.11929446458816528,0.07166533541183473,0.07166533541183473,Small turn
4135,IMG/center_2026_08_01_17_57_13_882.jpg,-0.1909598,-0.11802874505519867,0.07293105494480134,0.07293105494480134,Small turn
4136,IMG/center_2026_08_01_17_57_13_953.jpg,-0.1909598,-0.0973953977227211,0.09356440227727891,0.09356440227727891,Small turn
4137,IMG/center_2026_08_01_17_57_14_024.jpg,-0.1909598,-0.09858199208974838,0.09237780791025163,0.09237780791025163,Small turn
4145,IMG/center_2026_08_01_17_57_14_589.jpg,-0.07619579,-0.08793997019529343,-0.011744180195293427,0.011744180195293427,Small turn
4146,IMG/center_2026_08_01_17_57_14_659.jpg,-0.1034758,-0.08915653079748154,0.01431926920251847,0.01431926920251847,Small turn
4147,IMG/center_2026_08_01_17_57_14_727.jpg,-0.1034758,-0.08417665213346481,0.019299147866535193,0.019299147866535193,Small turn
4149,IMG/center_2026_08_01_17_57_14_864.jpg,-0.1157047,-0.0959230586886406,0.0197816413113594,0.0197816413113594,Small turn
4152,IMG/center_2026_08_01_17_57_15_076.jpg,-0.1561543,-0.09208112210035324,0.06407317789964675,0.06407317789964675,Small turn
4153,IMG/center_2026_08_01_17_57_15_144.jpg,-0.1589764,-0.09557002037763596,0.06340637962236403,0.06340637962236403,Small turn
4163,IMG/center_2026_08_01_17_57_15_840.jpg,-0.0647162,-0.08378850668668747,-0.019072306686687468,0.019072306686687468,Small turn
4174,IMG/center_2026_08_01_17_57_16_608.jpg,-0.1333865,-0.08686255663633347,0.046523943363666526,0.046523943363666526,Small turn
4187,IMG/center_2026_08_01_17_57_17_519.jpg,-0.00752551,-0.03031652234494686,-0.022791012344946862,0.022791012344946862,Near straight
4190,IMG/center_2026_08_01_17_57_17_728.jpg,-0.03856824,-0.04962550476193428,-0.011057264761934284,0.011057264761934284,Near straight
4195,IMG/center_2026_08_01_17_57_18_091.jpg,-0.07149234,-0.04604702070355415,0.025445319296445848,0.025445319296445848,Small turn
4203,IMG/center_2026_08_01_17_57_18_647.jpg,-0.09689095,-0.0865057036280632,0.010385246371936802,0.010385246371936802,Small turn
4205,IMG/center_2026_08_01_17_57_18_785.jpg,-0.09689095,-0.06918298453092575,0.027707965469074253,0.027707965469074253,Small turn
4220,IMG/center_2026_08_01_17_57_19_838.jpg,-0.03104273,-0.05156909301877022,-0.020526363018770217,0.020526363018770217,Near straight
4223,IMG/center_2026_08_01_17_57_20_046.jpg,-0.06020408,-0.047341275960206985,0.012862804039793015,0.012862804039793015,Small turn
4230,IMG/center_2026_08_01_17_57_20_527.jpg,-0.09406888,-0.01464777160435915,0.07942110839564084,0.07942110839564084,Small turn
4245,IMG/center_2026_08_01_17_57_21_584.jpg,-0.03668686,-0.024030020460486412,0.01265683953951359,0.01265683953951359,Near straight
4254,IMG/center_2026_08_01_17_57_22_222.jpg,0.0,-0.015353729017078876,-0.015353729017078876,0.015353729017078876,Near straight
4263,IMG/center_2026_08_01_17_57_22_847.jpg,-0.02445791,0.004613170865923166,0.029071080865923166,0.029071080865923166,Near straight
4264,IMG/center_2026_08_01_17_57_22_914.jpg,-0.04515307,0.016522834077477455,0.06167590407747745,0.06167590407747745,Near straight
4265,IMG/center_2026_08_01_17_57_22_981.jpg,-0.04891581,0.0025795199908316135,0.05149532999083161,0.05149532999083161,Near straight
4281,IMG/center_2026_08_01_17_57_24_108.jpg,0.0,0.08977807313203812,0.08977807313203812,0.08977807313203812,Near straight
4286,IMG/center_2026_08_01_17_57_24_460.jpg,-0.0009406888,0.017822811380028725,0.018763500180028723,0.018763500180028723,Near straight
4299,IMG/center_2026_08_01_17_57_25_375.jpg,0.0,0.0349016897380352,0.0349016897380352,0.0349016897380352,Near straight
4300,IMG/center_2026_08_01_17_57_25_446.jpg,0.0,0.03244663402438164,0.03244663402438164,0.03244663402438164,Near straight
4302,IMG/center_2026_08_01_17_57_25_588.jpg,0.0,0.049089740961790085,0.049089740961790085,0.049089740961790085,Near straight
4312,IMG/center_2026_08_01_17_57_26_289.jpg,0.0,0.03192664310336113,0.03192664310336113,0.03192664310336113,Near straight
4316,IMG/center_2026_08_01_17_57_26_572.jpg,0.0,0.016252944245934486,0.016252944245934486,0.016252944245934486,Near straight
4318,IMG/center_2026_08_01_17_57_26_710.jpg,0.0,0.019613930955529213,0.019613930955529213,0.019613930955529213,Near straight
4350,IMG/center_2026_08_01_17_57_28_956.jpg,-0.0338648,0.03480900451540947,0.06867380451540947,0.06867380451540947,Near straight
4365,IMG/center_2026_08_01_17_57_30_006.jpg,0.0,0.019831905141472816,0.019831905141472816,0.019831905141472816,Near straight
4386,IMG/center_2026_08_01_17_57_31_502.jpg,-0.05079719,-0.014095415361225605,0.036701774638774394,0.036701774638774394,Small turn
4388,IMG/center_2026_08_01_17_57_31_640.jpg,-0.05079719,-0.023113003000617027,0.02768418699938297,0.02768418699938297,Small turn
4401,IMG/center_2026_08_01_17_57_32_579.jpg,0.0,-0.007566561456769705,-0.007566561456769705,0.007566561456769705,Near straight
4434,IMG/center_2026_08_01_17_57_34_874.jpg,-0.04985651,-0.022671988233923912,0.027184521766076088,0.027184521766076088,Near straight
4436,IMG/center_2026_08_01_17_57_35_014.jpg,-0.06020408,-0.035714734345674515,0.024489345654325485,0.024489345654325485,Small turn
4438,IMG/center_2026_08_01_17_57_35_154.jpg,-0.09500957,-0.08188199251890182,0.013127577481098177,0.013127577481098177,Small turn
4446,IMG/center_2026_08_01_17_57_35_707.jpg,-0.1448661,-0.0810769721865654,0.0637891278134346,0.0637891278134346,Small turn
4447,IMG/center_2026_08_01_17_57_35_775.jpg,-0.1458068,-0.06577994674444199,0.080026853255558,0.080026853255558,Small turn
4468,IMG/center_2026_08_01_17_57_37_259.jpg,-0.3608418,-0.30027416348457336,0.060567636515426626,0.060567636515426626,Medium turn
4490,IMG/center_2026_08_01_17_57_38_808.jpg,-0.3141901,-0.1723470538854599,0.14184304611454013,0.14184304611454013,Medium turn
4492,IMG/center_2026_08_01_17_57_38_951.jpg,-0.3141901,-0.1561322957277298,0.15805780427227023,0.15805780427227023,Medium turn
4515,IMG/center_2026_08_01_17_57_40_577.jpg,-0.06302615,-0.01963222585618496,0.043393924143815044,0.043393924143815044,Small turn
4518,IMG/center_2026_08_01_17_57_40_789.jpg,0.0,-0.0026319525204598904,-0.0026319525204598904,0.0026319525204598904,Near straight
4523,IMG/center_2026_08_01_17_57_41_143.jpg,-0.05267857,-0.03313656523823738,0.01954200476176262,0.01954200476176262,Small turn
4526,IMG/center_2026_08_01_17_57_41_351.jpg,-0.05455995,-0.056074101477861404,-0.0015141514778614015,0.0015141514778614015,Small turn
4529,IMG/center_2026_08_01_17_57_41_556.jpg,-0.05455995,-0.039736200124025345,0.014823749875974658,0.014823749875974658,Small turn
4538,IMG/center_2026_08_01_17_57_42_198.jpg,-0.02257653,-0.014732648618519306,0.007843881381480695,0.007843881381480695,Near straight
4554,IMG/center_2026_08_01_17_57_43_330.jpg,0.0,0.008358429186046124,0.008358429186046124,0.008358429186046124,Near straight
4558,IMG/center_2026_08_01_17_57_43_610.jpg,-0.04421237,0.004860857967287302,0.0490732279672873,0.0490732279672873,Near straight
4560,IMG/center_2026_08_01_17_57_43_745.jpg,-0.04609375,0.007971982471644878,0.05406573247164488,0.05406573247164488,Near straight
4563,IMG/center_2026_08_01_17_57_43_951.jpg,0.0,0.002697417978197336,0.002697417978197336,0.002697417978197336,Near straight
4578,IMG/center_2026_08_01_17_57_45_010.jpg,0.1285714,0.11253217607736588,-0.016039223922634127,0.016039223922634127,Small turn
4580,IMG/center_2026_08_01_17_57_45_148.jpg,0.2202487,0.13187797367572784,-0.08837072632427215,0.08837072632427215,Medium turn
4584,IMG/center_2026_08_01_17_57_45_425.jpg,0.0,0.11009048670530319,0.11009048670530319,0.11009048670530319,Near straight
4589,IMG/center_2026_08_01_17_57_45_773.jpg,0.0804847,0.0900028720498085,0.009518172049808496,0.009518172049808496,Small turn
4600,IMG/center_2026_08_01_17_57_46_545.jpg,0.3816964,0.16016654670238495,-0.22152985329761504,0.22152985329761504,Medium turn
4607,IMG/center_2026_08_01_17_57_47_033.jpg,0.0,0.06428907066583633,0.06428907066583633,0.06428907066583633,Near straight
4615,IMG/center_2026_08_01_17_57_47_586.jpg,0.3121811,0.22348591685295105,-0.08869518314704894,0.08869518314704894,Medium turn
4616,IMG/center_2026_08_01_17_57_47_657.jpg,0.3454719,0.22373147308826447,-0.12174042691173553,0.12174042691173553,Medium turn
4628,IMG/center_2026_08_01_17_57_48_502.jpg,0.0628986,0.1013510599732399,0.0384524599732399,0.0384524599732399,Small turn
4631,IMG/center_2026_08_01_17_57_48_709.jpg,0.119308,0.16712690889835358,0.04781890889835358,0.04781890889835358,Small turn
4634,IMG/center_2026_08_01_17_57_48_920.jpg,0.1285555,0.15457400679588318,0.02601850679588319,0.02601850679588319,Small turn
4641,IMG/center_2026_08_01_17_57_49_410.jpg,0.1525989,0.08295292407274246,-0.06964597592725755,0.06964597592725755,Small turn
4643,IMG/center_2026_08_01_17_57_49_547.jpg,0.1636958,0.010574768297374249,-0.15312103170262575,0.15312103170262575,Small turn
4649,IMG/center_2026_08_01_17_57_49_966.jpg,0.0,-0.020032575353980064,-0.020032575353980064,0.020032575353980064,Near straight
4658,IMG/center_2026_08_01_17_57_50_611.jpg,-0.0338648,-0.0010062953224405646,0.032858504677559436,0.032858504677559436,Near straight
4684,IMG/center_2026_08_01_17_57_52_459.jpg,0.0,0.020331570878624916,0.020331570878624916,0.020331570878624916,Near straight
4700,IMG/center_2026_08_01_17_57_53_588.jpg,0.0,0.013439248315989971,0.013439248315989971,0.013439248315989971,Near straight
4715,IMG/center_2026_08_01_17_57_54_638.jpg,-0.03198342,-0.03194795921444893,3.5460785551069685e-05,3.5460785551069685e-05,Near straight
4718,IMG/center_2026_08_01_17_57_54_844.jpg,-0.1034758,-0.03938533738255501,0.064090462617445,0.064090462617445,Small turn
4720,IMG/center_2026_08_01_17_57_54_983.jpg,-0.1335778,-0.045128751546144485,0.08844904845385551,0.08844904845385551,Small turn
4722,IMG/center_2026_08_01_17_57_55_121.jpg,-0.1646205,-0.06551956385374069,0.09910093614625931,0.09910093614625931,Small turn
4725,IMG/center_2026_08_01_17_57_55_325.jpg,-0.1796716,-0.09604968875646591,0.08362191124353408,0.08362191124353408,Small turn
4742,IMG/center_2026_08_01_17_57_56_520.jpg,-0.2107143,-0.18519894778728485,0.025515352212715142,0.025515352212715142,Medium turn
4745,IMG/center_2026_08_01_17_57_56_727.jpg,-0.2474011,-0.22753658890724182,0.01986451109275819,0.01986451109275819,Medium turn
4751,IMG/center_2026_08_01_17_57_57_145.jpg,-0.2662149,-0.18863651156425476,0.07757838843574522,0.07757838843574522,Medium turn
4757,IMG/center_2026_08_01_17_57_57_568.jpg,-0.284088,-0.018136432394385338,0.26595156760561467,0.26595156760561467,Medium turn
4768,IMG/center_2026_08_01_17_57_58_328.jpg,-0.09124681,-0.23529456555843353,-0.14404775555843352,0.14404775555843352,Small turn
4794,IMG/center_2026_08_01_17_58_00_155.jpg,-0.06961097,-0.11651194095611572,-0.04690097095611573,0.04690097095611573,Small turn
4798,IMG/center_2026_08_01_17_58_00_429.jpg,-0.0837213,-0.11803778260946274,-0.03431648260946274,0.03431648260946274,Small turn
4802,IMG/center_2026_08_01_17_58_00_707.jpg,-0.1128827,-0.11497239023447037,-0.002089690234470365,0.002089690234470365,Small turn
4803,IMG/center_2026_08_01_17_58_00_778.jpg,-0.1128827,-0.1113898754119873,0.0014928245880126978,0.0014928245880126978,Small turn
4807,IMG/center_2026_08_01_17_58_01_054.jpg,-0.1128827,-0.03788672760128975,0.07499597239871025,0.07499597239871025,Small turn
4808,IMG/center_2026_08_01_17_58_01_124.jpg,-0.1128827,-0.018792888149619102,0.0940898118503809,0.0940898118503809,Small turn
4809,IMG/center_2026_08_01_17_58_01_192.jpg,-0.1128827,-0.019004633650183678,0.09387806634981632,0.09387806634981632,Small turn
4812,IMG/center_2026_08_01_17_58_01_396.jpg,-0.1128827,-0.015406926162540913,0.09747577383745909,0.09747577383745909,Small turn
4822,IMG/center_2026_08_01_17_58_02_092.jpg,-0.04139031,-0.050397444516420364,-0.009007134516420365,0.009007134516420365,Near straight
4828,IMG/center_2026_08_01_17_58_02_515.jpg,-0.08748405,-0.09621895104646683,-0.008734901046466834,0.008734901046466834,Small turn
4838,IMG/center_2026_08_01_17_58_03_216.jpg,-0.04421237,-0.1161615327000618,-0.0719491627000618,0.0719491627000618,Near straight
4839,IMG/center_2026_08_01_17_58_03_286.jpg,-0.08560267,-0.09041018038988113,-0.004807510389881128,0.004807510389881128,Small turn
4841,IMG/center_2026_08_01_17_58_03_423.jpg,-0.111942,-0.10463622957468033,0.0073057704253196715,0.0073057704253196715,Small turn
4842,IMG/center_2026_08_01_17_58_03_495.jpg,-0.1157047,-0.1243397444486618,-0.00863504444866181,0.00863504444866181,Small turn
4847,IMG/center_2026_08_01_17_58_03_847.jpg,-0.1185268,-0.08881945163011551,0.029707348369884493,0.029707348369884493,Small turn
4848,IMG/center_2026_08_01_17_58_03_916.jpg,-0.1185268,-0.08004643768072128,0.03848036231927872,0.03848036231927872,Small turn
4851,IMG/center_2026_08_01_17_58_04_136.jpg,0.0,-0.05885215476155281,-0.05885215476155281,0.05885215476155281,Near straight
4857,IMG/center_2026_08_01_17_58_04_561.jpg,-0.1006537,-0.07624777406454086,0.024405925935459136,0.024405925935459136,Small turn
4861,IMG/center_2026_08_01_17_58_04_836.jpg,-0.1053571,-0.05178675428032875,0.053570345719671245,0.053570345719671245,Small turn
4862,IMG/center_2026_08_01_17_58_04_905.jpg,-0.1053571,-0.016695907339453697,0.0886611926605463,0.0886611926605463,Small turn
4863,IMG/center_2026_08_01_17_58_04_973.jpg,-0.1053571,-0.02070440910756588,0.08465269089243412,0.08465269089243412,Small turn
4873,IMG/center_2026_08_01_17_58_05_667.jpg,-0.06772959,-0.04217394068837166,0.025555649311628348,0.025555649311628348,Small turn
4891,IMG/center_2026_08_01_17_58_06_907.jpg,-0.0253986,-0.026201507076621056,-0.0008029070766210553,0.0008029070766210553,Near straight
4896,IMG/center_2026_08_01_17_58_07_259.jpg,-0.04044962,-0.040948379784822464,-0.0004987597848224654,0.0004987597848224654,Near straight
4897,IMG/center_2026_08_01_17_58_07_326.jpg,-0.04891581,-0.033445198088884354,0.015470611911115643,0.015470611911115643,Near straight
4904,IMG/center_2026_08_01_17_58_07_807.jpg,-0.05361926,-0.042560894042253494,0.011058365957746508,0.011058365957746508,Small turn
4921,IMG/center_2026_08_01_17_58_08_982.jpg,-0.05361926,-0.017315199598670006,0.036304060401329996,0.036304060401329996,Small turn
4922,IMG/center_2026_08_01_17_58_09_049.jpg,-0.05361926,-0.028292616829276085,0.025326643170723917,0.025326643170723917,Small turn
4924,IMG/center_2026_08_01_17_58_09_189.jpg,-0.05361926,-0.03555046394467354,0.018068796055326464,0.018068796055326464,Small turn
4934,IMG/center_2026_08_01_17_58_09_882.jpg,-0.02351722,-0.0342993326485157,-0.010782112648515703,0.010782112648515703,Near straight
4936,IMG/center_2026_08_01_17_58_10_025.jpg,-0.0253986,-0.03594576194882393,-0.010547161948823928,0.010547161948823928,Near straight
4938,IMG/center_2026_08_01_17_58_10_164.jpg,-0.0253986,-0.047144193202257156,-0.021745593202257156,0.021745593202257156,Near straight
4946,IMG/center_2026_08_01_17_58_10_708.jpg,0.0,-0.02911420725286007,-0.02911420725286007,0.02911420725286007,Near straight
4964,IMG/center_2026_08_01_17_58_11_959.jpg,-0.042331,-0.018086692318320274,0.024244307681679726,0.024244307681679726,Near straight
4970,IMG/center_2026_08_01_17_58_12_380.jpg,-0.0009406888,-0.05371640995144844,-0.05277572115144844,0.05277572115144844,Near straight
4973,IMG/center_2026_08_01_17_58_12_585.jpg,-0.01316964,-0.054571229964494705,-0.04140158996449471,0.04140158996449471,Near straight
4974,IMG/center_2026_08_01_17_58_12_655.jpg,-0.01411033,-0.05828099325299263,-0.044170663252992626,0.044170663252992626,Near straight
4975,IMG/center_2026_08_01_17_58_12_725.jpg,-0.02163584,-0.0521819181740284,-0.030546078174028397,0.030546078174028397,Near straight
4977,IMG/center_2026_08_01_17_58_12_865.jpg,-0.04797513,-0.05820702388882637,-0.010231893888826372,0.010231893888826372,Near straight
4985,IMG/center_2026_08_01_17_58_13_415.jpg,-0.05644133,-0.02775915525853634,0.02868217474146366,0.02868217474146366,Small turn
4987,IMG/center_2026_08_01_17_58_13_554.jpg,-0.05644133,-0.023556968197226524,0.032884361802773474,0.032884361802773474,Small turn
5009,IMG/center_2026_08_01_17_58_15_100.jpg,-0.0009406888,-0.01707928441464901,-0.01613859561464901,0.01613859561464901,Near straight
5014,IMG/center_2026_08_01_17_58_15_451.jpg,-0.03480548,-0.0009881159057840705,0.03381736409421593,0.03381736409421593,Near straight
5062,IMG/center_2026_08_01_17_58_18_776.jpg,-0.01316964,-0.005842914339154959,0.007326725660845041,0.007326725660845041,Near straight
5064,IMG/center_2026_08_01_17_58_18_914.jpg,-0.01505102,-0.019410422071814537,-0.004359402071814537,0.004359402071814537,Near straight
5070,IMG/center_2026_08_01_17_58_19_332.jpg,-0.02822066,-0.022930016741156578,0.0052906432588434235,0.0052906432588434235,Near straight
5076,IMG/center_2026_08_01_17_58_19_742.jpg,-0.03480548,-0.008788217790424824,0.026017262209575176,0.026017262209575176,Near straight
5080,IMG/center_2026_08_01_17_58_20_019.jpg,-0.03480548,-0.008094956167042255,0.026710523832957744,0.026710523832957744,Near straight
5102,IMG/center_2026_08_01_17_58_21_549.jpg,-0.006584821,-0.020615866407752037,-0.014031045407752036,0.014031045407752036,Near straight
5103,IMG/center_2026_08_01_17_58_21_621.jpg,-0.0169324,-0.01839750073850155,-0.0014651007385015485,0.0014651007385015485,Near straight
5114,IMG/center_2026_08_01_17_58_22_391.jpg,-0.03668686,-0.03273217752575874,0.003954682474241258,0.003954682474241258,Near straight
5138,IMG/center_2026_08_01_17_58_24_088.jpg,-0.0169324,-0.010248471982777119,0.0066839280172228815,0.0066839280172228815,Near straight
5145,IMG/center_2026_08_01_17_58_24_577.jpg,-0.03104273,-0.03186311200261116,-0.0008203820026111593,0.0008203820026111593,Near straight
5152,IMG/center_2026_08_01_17_58_25_061.jpg,-0.03104273,-0.026262572035193443,0.004780157964806558,0.004780157964806558,Near straight
5171,IMG/center_2026_08_01_17_58_26_391.jpg,-0.01505102,-0.024615487083792686,-0.009564467083792686,0.009564467083792686,Near straight
5174,IMG/center_2026_08_01_17_58_26_602.jpg,-0.01505102,-0.03206785395741463,-0.01701683395741463,0.01701683395741463,Near straight
5179,IMG/center_2026_08_01_17_58_26_956.jpg,-0.01505102,-0.027137598022818565,-0.012086578022818565,0.012086578022818565,Near straight
5180,IMG/center_2026_08_01_17_58_27_026.jpg,-0.01505102,-0.03318800404667854,-0.018136984046678545,0.018136984046678545,Near straight
5185,IMG/center_2026_08_01_17_58_27_373.jpg,-0.03950893,-0.04917838051915169,-0.00966945051915169,0.00966945051915169,Near straight
5191,IMG/center_2026_08_01_17_58_27_786.jpg,-0.03950893,-0.05006631091237068,-0.010557380912370684,0.010557380912370684,Near straight
5203,IMG/center_2026_08_01_17_58_28_613.jpg,-0.03950893,-0.05678163841366768,-0.01727270841366768,0.01727270841366768,Near straight
5207,IMG/center_2026_08_01_17_58_28_893.jpg,0.0,-0.03308825567364693,-0.03308825567364693,0.03308825567364693,Near straight
5213,IMG/center_2026_08_01_17_58_29_325.jpg,0.0,-0.015563656575977802,-0.015563656575977802,0.015563656575977802,Near straight
5223,IMG/center_2026_08_01_17_58_30_022.jpg,-0.03856824,-0.045747894793748856,-0.007179654793748859,0.007179654793748859,Near straight
5229,IMG/center_2026_08_01_17_58_30_439.jpg,-0.03950893,-0.05671252682805061,-0.017203596828050616,0.017203596828050616,Near straight
5231,IMG/center_2026_08_01_17_58_30_578.jpg,-0.03950893,-0.04353891685605049,-0.004029986856050494,0.004029986856050494,Near straight
5254,IMG/center_2026_08_01_17_58_32_168.jpg,-0.05079719,-0.11726798862218857,-0.06647079862218858,0.06647079862218858,Small turn
5258,IMG/center_2026_08_01_17_58_32_452.jpg,-0.05173788,-0.08762653917074203,-0.035888659170742035,0.035888659170742035,Small turn
5260,IMG/center_2026_08_01_17_58_32_588.jpg,-0.05173788,-0.07764142006635666,-0.02590354006635666,0.02590354006635666,Small turn
5275,IMG/center_2026_08_01_17_58_33_635.jpg,-0.03856824,-0.10274036973714828,-0.06417212973714828,0.06417212973714828,Near straight
5279,IMG/center_2026_08_01_17_58_33_914.jpg,-0.04139031,-0.10372837632894516,-0.06233806632894516,0.06233806632894516,Near straight
5281,IMG/center_2026_08_01_17_58_34_051.jpg,-0.04891581,-0.10187984257936478,-0.05296403257936478,0.05296403257936478,Near straight
5282,IMG/center_2026_08_01_17_58_34_124.jpg,-0.05455995,-0.11258909851312637,-0.05802914851312637,0.05802914851312637,Small turn
5289,IMG/center_2026_08_01_17_58_34_605.jpg,-0.1204082,-0.10124606639146805,0.01916213360853196,0.01916213360853196,Small turn
5294,IMG/center_2026_08_01_17_58_34_954.jpg,-0.1204082,-0.09540026634931564,0.025007933650684364,0.025007933650684364,Small turn
5308,IMG/center_2026_08_01_17_58_35_938.jpg,-0.07619579,-0.11850335448980331,-0.042307564489803315,0.042307564489803315,Small turn
5310,IMG/center_2026_08_01_17_58_36_077.jpg,-0.08466199,-0.11276938766241074,-0.02810739766241073,0.02810739766241073,Small turn
5311,IMG/center_2026_08_01_17_58_36_145.jpg,-0.08466199,-0.10392843931913376,-0.019266449319133752,0.019266449319133752,Small turn
5312,IMG/center_2026_08_01_17_58_36_218.jpg,-0.08466199,-0.11276217550039291,-0.028100185500392907,0.028100185500392907,Small turn
5316,IMG/center_2026_08_01_17_58_36_490.jpg,-0.09877232,-0.17343328893184662,-0.07466096893184662,0.07466096893184662,Small turn
5325,IMG/center_2026_08_01_17_58_37_123.jpg,-0.1599171,-0.13264194130897522,0.027275158691024787,0.027275158691024787,Small turn
5328,IMG/center_2026_08_01_17_58_37_337.jpg,-0.1617985,-0.09253444522619247,0.06926405477380754,0.06926405477380754,Small turn
5341,IMG/center_2026_08_01_17_58_38_245.jpg,-0.05926339,-0.08206825703382492,-0.02280486703382492,0.02280486703382492,Small turn
5347,IMG/center_2026_08_01_17_58_38_660.jpg,-0.1222895,-0.09591829031705856,0.026371209682941432,0.026371209682941432,Small turn
5348,IMG/center_2026_08_01_17_58_38_727.jpg,-0.1222895,-0.07489340752363205,0.047396092476367946,0.047396092476367946,Small turn
5356,IMG/center_2026_08_01_17_58_39_281.jpg,-0.08936544,-0.09868919104337692,-0.009323751043376918,0.009323751043376918,Small turn
5369,IMG/center_2026_08_01_17_58_40_180.jpg,-0.07713648,-0.11146645992994308,-0.03432997992994309,0.03432997992994309,Small turn
5374,IMG/center_2026_08_01_17_58_40_525.jpg,-0.1279337,-0.09260546416044235,0.03532823583955766,0.03532823583955766,Small turn
5375,IMG/center_2026_08_01_17_58_40_596.jpg,-0.1279337,-0.06324931234121323,0.06468438765878678,0.06468438765878678,Small turn
5396,IMG/center_2026_08_01_17_58_42_056.jpg,-0.08089923,-0.005518665071576834,0.07538056492842317,0.07538056492842317,Small turn
5400,IMG/center_2026_08_01_17_58_42_335.jpg,-0.08183993,0.005632469896227121,0.08747239989622713,0.08747239989622713,Small turn
5405,IMG/center_2026_08_01_17_58_42_677.jpg,-0.08183993,-0.027026524767279625,0.05481340523272038,0.05481340523272038,Small turn
5409,IMG/center_2026_08_01_17_58_42_961.jpg,-0.08183993,-0.04444848373532295,0.03739144626467705,0.03739144626467705,Small turn
5411,IMG/center_2026_08_01_17_58_43_099.jpg,-0.08183993,-0.041020024567842484,0.04081990543215752,0.04081990543215752,Small turn
5412,IMG/center_2026_08_01_17_58_43_169.jpg,-0.08183993,-0.02419166825711727,0.057648261742882734,0.057648261742882734,Small turn
5420,IMG/center_2026_08_01_17_58_43_740.jpg,0.0,0.02151496149599552,0.02151496149599552,0.02151496149599552,Near straight
5447,IMG/center_2026_08_01_17_58_45_641.jpg,-0.02916135,-0.016386618837714195,0.012774731162285804,0.012774731162285804,Near straight
5448,IMG/center_2026_08_01_17_58_45_707.jpg,-0.03950893,-0.01684068702161312,0.022668242978386877,0.022668242978386877,Near straight
5450,IMG/center_2026_08_01_17_58_45_842.jpg,-0.04609375,6.664788816124201e-05,0.046160397888161245,0.046160397888161245,Near straight
5474,IMG/center_2026_08_01_17_58_47_513.jpg,-0.07807717,0.058555494993925095,0.1366326649939251,0.1366326649939251,Small turn
5536,IMG/center_2026_08_01_17_58_51_859.jpg,-0.01128827,0.021910855546593666,0.03319912554659367,0.03319912554659367,Near straight
5544,IMG/center_2026_08_01_17_58_52_426.jpg,0.0,0.01578880287706852,0.01578880287706852,0.01578880287706852,Near straight
5559,IMG/center_2026_08_01_17_58_53_505.jpg,0.0,0.0290840957313776,0.0290840957313776,0.0290840957313776,Near straight
5579,IMG/center_2026_08_01_17_58_54_912.jpg,0.0,0.005302796605974436,0.005302796605974436,0.005302796605974436,Near straight
5592,IMG/center_2026_08_01_17_58_55_842.jpg,0.0,0.022001156583428383,0.022001156583428383,0.022001156583428383,Near straight
5602,IMG/center_2026_08_01_17_58_56_557.jpg,-0.01975446,0.007743427995592356,0.027497887995592357,0.027497887995592357,Near straight
5608,IMG/center_2026_08_01_17_58_56_972.jpg,0.0,-0.021743884310126305,-0.021743884310126305,0.021743884310126305,Near straight
5613,IMG/center_2026_08_01_17_58_57_323.jpg,-0.08466199,-0.04941438511013985,0.03524760488986016,0.03524760488986016,Small turn
5615,IMG/center_2026_08_01_17_58_57_463.jpg,-0.1251116,-0.013160218484699726,0.11195138151530026,0.11195138151530026,Small turn
5616,IMG/center_2026_08_01_17_58_57_529.jpg,-0.1401626,-0.012450327165424824,0.12771227283457517,0.12771227283457517,Small turn
5623,IMG/center_2026_08_01_17_58_58_018.jpg,-0.1401626,-0.006040682550519705,0.1341219174494803,0.1341219174494803,Small turn
5632,IMG/center_2026_08_01_17_58_58_663.jpg,-0.01787309,0.016105899587273598,0.0339789895872736,0.0339789895872736,Near straight
5635,IMG/center_2026_08_01_17_58_58_875.jpg,-0.02916135,-0.010986735112965107,0.018174614887034892,0.018174614887034892,Near straight
5644,IMG/center_2026_08_01_17_58_59_504.jpg,-0.2088329,-0.09839313477277756,0.11043976522722243,0.11043976522722243,Medium turn
5647,IMG/center_2026_08_01_17_58_59_710.jpg,-0.2229432,-0.12983863055706024,0.09310456944293977,0.09310456944293977,Medium turn
5648,IMG/center_2026_08_01_17_58_59_783.jpg,-0.2229432,-0.13998253643512726,0.08296066356487275,0.08296066356487275,Medium turn
5652,IMG/center_2026_08_01_17_59_00_071.jpg,0.0,-0.1331792026758194,-0.1331792026758194,0.1331792026758194,Near straight
5656,IMG/center_2026_08_01_17_59_00_352.jpg,-0.2322864,-0.2698654532432556,-0.03757905324325561,0.03757905324325561,Medium turn
5667,IMG/center_2026_08_01_17_59_01_120.jpg,0.0,0.007172355893999338,0.007172355893999338,0.007172355893999338,Near straight
5675,IMG/center_2026_08_01_17_59_01_705.jpg,-0.1026945,-0.024915477260947227,0.07777902273905277,0.07777902273905277,Small turn
5683,IMG/center_2026_08_01_17_59_02_261.jpg,-0.2426658,-0.16564489901065826,0.07702090098934172,0.07702090098934172,Medium turn
5687,IMG/center_2026_08_01_17_59_02_539.jpg,-0.2436065,-0.0917937308549881,0.1518127691450119,0.1518127691450119,Medium turn
5698,IMG/center_2026_08_01_17_59_03_318.jpg,-0.05738201,-0.05199851468205452,0.0053834953179454775,0.0053834953179454775,Small turn
5700,IMG/center_2026_08_01_17_59_03_454.jpg,-0.06584822,-0.049454327672719955,0.016393892327280044,0.016393892327280044,Small turn
5701,IMG/center_2026_08_01_17_59_03_524.jpg,-0.07243303,-0.05904710665345192,0.013385923346548076,0.013385923346548076,Small turn
5702,IMG/center_2026_08_01_17_59_03_591.jpg,-0.07619579,-0.05703793838620186,0.01915785161379814,0.01915785161379814,Small turn
5706,IMG/center_2026_08_01_17_59_03_867.jpg,-0.08560267,-0.03286895528435707,0.052733714715642935,0.052733714715642935,Small turn
5707,IMG/center_2026_08_01_17_59_03_939.jpg,-0.08560267,-0.03724876418709755,0.048353905812902456,0.048353905812902456,Small turn
5716,IMG/center_2026_08_01_17_59_04_576.jpg,-0.005644133,-0.03924174979329109,-0.03359761679329109,0.03359761679329109,Near straight
5747,IMG/center_2026_08_01_17_59_06_743.jpg,-0.1025351,-9.178125765174627e-05,0.10244331874234826,0.10244331874234826,Small turn
5749,IMG/center_2026_08_01_17_59_06_880.jpg,-0.1044165,0.008141140453517437,0.11255764045351743,0.11255764045351743,Small turn
5770,IMG/center_2026_08_01_17_59_08_358.jpg,0.06288265,0.12283099442720413,0.059948344427204134,0.059948344427204134,Small turn
5774,IMG/center_2026_08_01_17_59_08_632.jpg,0.2016422,0.15729184448719025,-0.04435035551280975,0.04435035551280975,Medium turn
5779,IMG/center_2026_08_01_17_59_08_979.jpg,0.0,0.14224834740161896,0.14224834740161896,0.14224834740161896,Near straight
5784,IMG/center_2026_08_01_17_59_09_334.jpg,0.01109694,0.1694895476102829,0.1583926076102829,0.1583926076102829,Near straight
5788,IMG/center_2026_08_01_17_59_09_613.jpg,0.2117825,0.14983074367046356,-0.06195175632953645,0.06195175632953645,Medium turn
5818,IMG/center_2026_08_01_17_59_11_710.jpg,0.08144133,0.36946094036102295,0.28801961036102297,0.28801961036102297,Small turn
5825,IMG/center_2026_08_01_17_59_12_201.jpg,0.3507175,0.25767892599105835,-0.09303857400894167,0.09303857400894167,Medium turn
5826,IMG/center_2026_08_01_17_59_12_273.jpg,0.3516422,0.2544565200805664,-0.09718567991943361,0.09718567991943361,Medium turn
5841,IMG/center_2026_08_01_17_59_13_321.jpg,-0.0871014,-0.009053339250385761,0.07804806074961423,0.07804806074961423,Small turn
5842,IMG/center_2026_08_01_17_59_13_388.jpg,-0.08898278,-0.0021078488789498806,0.08687493112105012,0.08687493112105012,Small turn
5844,IMG/center_2026_08_01_17_59_13_523.jpg,-0.07233737,-0.001121391891501844,0.07121597810849815,0.07121597810849815,Small turn
5885,IMG/center_2026_08_01_17_59_16_424.jpg,-0.02163584,-0.009611477144062519,0.01202436285593748,0.01202436285593748,Near straight
5898,IMG/center_2026_08_01_17_59_17_339.jpg,-0.004703444,0.010573993436992168,0.01527743743699217,0.01527743743699217,Near straight
5903,IMG/center_2026_08_01_17_59_17_687.jpg,-0.03574617,-0.019134094938635826,0.016612075061364175,0.016612075061364175,Near straight
5915,IMG/center_2026_08_01_17_59_18_515.jpg,-0.1213489,-0.054456938058137894,0.0668919619418621,0.0668919619418621,Small turn
5930,IMG/center_2026_08_01_17_59_19_565.jpg,-0.1382813,-0.11306194216012955,0.02521935783987045,0.02521935783987045,Small turn
5934,IMG/center_2026_08_01_17_59_19_841.jpg,-0.1608578,-0.14107894897460938,0.01977885102539062,0.01977885102539062,Small turn
5938,IMG/center_2026_08_01_17_59_20_116.jpg,-0.184375,-0.1533764898777008,0.030998510122299205,0.030998510122299205,Small turn
5940,IMG/center_2026_08_01_17_59_20_253.jpg,-0.184375,-0.16911716759204865,0.015257832407951366,0.015257832407951366,Small turn
5941,IMG/center_2026_08_01_17_59_20_322.jpg,-0.184375,-0.19022497534751892,-0.00584997534751891,0.00584997534751891,Small turn
5944,IMG/center_2026_08_01_17_59_20_533.jpg,-0.1956633,-0.18460114300251007,0.011062156997489941,0.011062156997489941,Small turn
5946,IMG/center_2026_08_01_17_59_20_672.jpg,-0.2069515,-0.2220844179391861,-0.015132917939186086,0.015132917939186086,Medium turn
5947,IMG/center_2026_08_01_17_59_20_741.jpg,-0.211655,-0.19114291667938232,0.020512083320617686,0.020512083320617686,Medium turn
5955,IMG/center_2026_08_01_17_59_21_296.jpg,-0.2163584,-0.17249064147472382,0.04386775852527619,0.04386775852527619,Medium turn
5956,IMG/center_2026_08_01_17_59_21_366.jpg,-0.2201212,-0.1699502170085907,0.05017098299140929,0.05017098299140929,Medium turn
5957,IMG/center_2026_08_01_17_59_21_436.jpg,-0.2229432,-0.18903733789920807,0.03390586210079194,0.03390586210079194,Medium turn
5960,IMG/center_2026_08_01_17_59_21_644.jpg,-0.2238839,-0.1726503223180771,0.05123357768192291,0.05123357768192291,Medium turn
5968,IMG/center_2026_08_01_17_59_22_193.jpg,-0.2211097,-0.023159360513091087,0.1979503394869089,0.1979503394869089,Medium turn
5982,IMG/center_2026_08_01_17_59_23_193.jpg,-0.1157047,-0.16465933620929718,-0.048954636209297187,0.048954636209297187,Small turn
5992,IMG/center_2026_08_01_17_59_23_889.jpg,-0.1429847,-0.09579122811555862,0.04719347188444137,0.04719347188444137,Small turn
5993,IMG/center_2026_08_01_17_59_23_961.jpg,-0.1448661,-0.0918460488319397,0.0530200511680603,0.0530200511680603,Small turn
6007,IMG/center_2026_08_01_17_59_24_951.jpg,-0.06396683,-0.024292906746268272,0.03967392325373173,0.03967392325373173,Small turn
6013,IMG/center_2026_08_01_17_59_25_373.jpg,-0.08089923,-0.032891590148210526,0.04800763985178948,0.04800763985178948,Small turn
6014,IMG/center_2026_08_01_17_59_25_443.jpg,-0.08466199,-0.022150060161948204,0.0625119298380518,0.0625119298380518,Small turn
6016,IMG/center_2026_08_01_17_59_25_579.jpg,-0.09312818,-0.05219896510243416,0.040929214897565847,0.040929214897565847,Small turn
6018,IMG/center_2026_08_01_17_59_25_715.jpg,-0.1091199,-0.0242284145206213,0.0848914854793787,0.0848914854793787,Small turn
6041,IMG/center_2026_08_01_17_59_27_316.jpg,-0.001881378,-0.062265221029520035,-0.06038384302952003,0.06038384302952003,Near straight
6048,IMG/center_2026_08_01_17_59_27_797.jpg,-0.07619579,-0.07636948674917221,-0.00017369674917221134,0.00017369674917221134,Small turn
6063,IMG/center_2026_08_01_17_59_28_852.jpg,-0.06584822,-0.029763301834464073,0.036084918165535926,0.036084918165535926,Small turn
6071,IMG/center_2026_08_01_17_59_29_409.jpg,-0.1204082,-0.014298667199909687,0.10610953280009032,0.10610953280009032,Small turn
6072,IMG/center_2026_08_01_17_59_29_479.jpg,-0.1288744,-0.019455453380942345,0.10941894661905766,0.10941894661905766,Small turn
6085,IMG/center_2026_08_01_17_59_30_383.jpg,-0.03198342,-0.013047088868916035,0.018936331131083964,0.018936331131083964,Near straight
6103,IMG/center_2026_08_01_17_59_31_630.jpg,-0.05361926,-0.026252558454871178,0.027366701545128824,0.027366701545128824,Small turn
6105,IMG/center_2026_08_01_17_59_31_766.jpg,-0.05361926,-0.01607738994061947,0.03754187005938053,0.03754187005938053,Small turn
6107,IMG/center_2026_08_01_17_59_31_904.jpg,-0.05086097,-0.023573001846671104,0.027287968153328894,0.027287968153328894,Small turn
6108,IMG/center_2026_08_01_17_59_31_973.jpg,-0.05086097,-0.02745979093015194,0.02340117906984806,0.02340117906984806,Small turn
6110,IMG/center_2026_08_01_17_59_32_112.jpg,-0.06026786,-0.02116461656987667,0.03910324343012333,0.03910324343012333,Small turn
6119,IMG/center_2026_08_01_17_59_32_747.jpg,0.0,-0.023200562223792076,-0.023200562223792076,0.023200562223792076,Near straight
6123,IMG/center_2026_08_01_17_59_33_027.jpg,-0.02257653,-0.012891490943729877,0.009685039056270123,0.009685039056270123,Near straight
6142,IMG/center_2026_08_01_17_59_34_363.jpg,-0.00752551,-0.000845064758323133,0.006680445241676867,0.006680445241676867,Near straight
6143,IMG/center_2026_08_01_17_59_34_433.jpg,-0.01222895,-0.03534792736172676,-0.02311897736172676,0.02311897736172676,Near straight
6145,IMG/center_2026_08_01_17_59_34_571.jpg,-0.02633929,-0.03462790325284004,-0.00828861325284004,0.00828861325284004,Near straight
6151,IMG/center_2026_08_01_17_59_34_993.jpg,-0.07337373,-0.03705133870244026,0.036322391297559736,0.036322391297559736,Small turn
6154,IMG/center_2026_08_01_17_59_35_202.jpg,-0.07431442,-0.00534530496224761,0.0689691150377524,0.0689691150377524,Small turn
6167,IMG/center_2026_08_01_17_59_36_125.jpg,-0.03010204,-0.037639398127794266,-0.007537358127794266,0.007537358127794266,Near straight
6168,IMG/center_2026_08_01_17_59_36_195.jpg,-0.03010204,-0.03236161544919014,-0.0022595754491901397,0.0022595754491901397,Near straight
6173,IMG/center_2026_08_01_17_59_36_536.jpg,-0.07055166,-0.025138935074210167,0.045412724925789835,0.045412724925789835,Small turn
6190,IMG/center_2026_08_01_18_02_18_868.jpg,0.0,0.017948636785149574,0.017948636785149574,0.017948636785149574,Near straight
6197,IMG/center_2026_08_01_18_02_19_355.jpg,0.0,1.7772079445421696e-05,1.7772079445421696e-05,1.7772079445421696e-05,Near straight
6203,IMG/center_2026_08_01_18_02_19_790.jpg,0.0,-0.024160316213965416,-0.024160316213965416,0.024160316213965416,Near straight
6214,IMG/center_2026_08_01_18_02_20_581.jpg,0.0,0.017181525006890297,0.017181525006890297,0.017181525006890297,Near straight
6225,IMG/center_2026_08_01_18_02_21_360.jpg,0.09802296,0.05228627845644951,-0.0457366815435505,0.0457366815435505,Small turn
6234,IMG/center_2026_08_01_18_02_22_024.jpg,0.03976403,0.04035557433962822,0.0005915443396282208,0.0005915443396282208,Near straight
6242,IMG/center_2026_08_01_18_02_22_577.jpg,0.1072704,0.04773522540926933,-0.05953517459073067,0.05953517459073067,Small turn
6261,IMG/center_2026_08_01_18_02_23_912.jpg,0.0,0.03519011661410332,0.03519011661410332,0.03519011661410332,Near straight
6287,IMG/center_2026_08_01_18_02_25_758.jpg,0.07490434,0.06353474408388138,-0.011369595916118622,0.011369595916118622,Small turn
6291,IMG/center_2026_08_01_18_02_26_043.jpg,0.1044962,0.07738668471574783,-0.027109515284252164,0.027109515284252164,Small turn
6292,IMG/center_2026_08_01_18_02_26_113.jpg,0.1063457,0.06670499593019485,-0.03964070406980515,0.03964070406980515,Small turn
6296,IMG/center_2026_08_01_18_02_26_384.jpg,0.1359375,0.0697072222828865,-0.06623027771711348,0.06623027771711348,Small turn
6301,IMG/center_2026_08_01_18_02_26_754.jpg,0.0,0.05530590936541557,0.05530590936541557,0.05530590936541557,Near straight
6308,IMG/center_2026_08_01_18_02_27_252.jpg,0.1489636,0.04723478481173515,-0.10172881518826485,0.10172881518826485,Small turn
6318,IMG/center_2026_08_01_18_02_27_948.jpg,0.06658163,-0.020246854051947594,-0.0868284840519476,0.0868284840519476,Small turn
6320,IMG/center_2026_08_01_18_02_28_087.jpg,0.07397959,0.05033094808459282,-0.02364864191540718,0.02364864191540718,Small turn
6322,IMG/center_2026_08_01_18_02_28_226.jpg,0.08507653,0.054226767271757126,-0.03084976272824287,0.03084976272824287,Small turn
6325,IMG/center_2026_08_01_18_02_28_434.jpg,0.1007972,0.06033087894320488,-0.040466321056795124,0.040466321056795124,Small turn
6349,IMG/center_2026_08_01_18_02_30_136.jpg,0.1072704,0.12114454060792923,0.013874140607929228,0.013874140607929228,Small turn
6350,IMG/center_2026_08_01_18_02_30_204.jpg,0.1183673,0.13123221695423126,0.012864916954231267,0.012864916954231267,Small turn
6352,IMG/center_2026_08_01_18_02_30_350.jpg,0.1424107,0.12488973885774612,-0.017520961142253877,0.017520961142253877,Small turn
6360,IMG/center_2026_08_01_18_02_30_918.jpg,0.0,0.09749043732881546,0.09749043732881546,0.09749043732881546,Near straight
6361,IMG/center_2026_08_01_18_02_30_987.jpg,0.01017219,0.10698837786912918,0.09681618786912918,0.09681618786912918,Near straight
6365,IMG/center_2026_08_01_18_02_31_265.jpg,0.1359694,0.10090363770723343,-0.03506576229276656,0.03506576229276656,Small turn
6368,IMG/center_2026_08_01_18_02_31_471.jpg,0.1729592,0.09472835808992386,-0.07823084191007615,0.07823084191007615,Small turn
6379,IMG/center_2026_08_01_18_02_32_267.jpg,0.0712213,0.04833735153079033,-0.022883948469209672,0.022883948469209672,Small turn
6394,IMG/center_2026_08_01_18_02_33_339.jpg,0.2897162,0.136801615357399,-0.152914584642601,0.152914584642601,Medium turn
6404,IMG/center_2026_08_01_18_02_34_052.jpg,0.2745376,0.16938526928424835,-0.10515233071575164,0.10515233071575164,Medium turn
6405,IMG/center_2026_08_01_18_02_34_127.jpg,0.3115274,0.1738506704568863,-0.13767672954311372,0.13767672954311372,Medium turn
6415,IMG/center_2026_08_01_18_02_34_856.jpg,0.1285555,0.13790620863437653,0.009350708634376537,0.009350708634376537,Small turn
6425,IMG/center_2026_08_01_18_02_35_565.jpg,0.2331633,0.06377632170915604,-0.16938697829084395,0.16938697829084395,Medium turn
6427,IMG/center_2026_08_01_18_02_35_714.jpg,0.0,0.02897266484797001,0.02897266484797001,0.02897266484797001,Near straight
6428,IMG/center_2026_08_01_18_02_35_786.jpg,0.0,0.04409394785761833,0.04409394785761833,0.04409394785761833,Near straight
6440,IMG/center_2026_08_01_18_02_36_651.jpg,0.1582111,0.07358933240175247,-0.08462176759824752,0.08462176759824752,Small turn
6456,IMG/center_2026_08_01_18_02_37_788.jpg,0.05086097,0.04216558858752251,-0.008695381412477492,0.008695381412477492,Small turn
6462,IMG/center_2026_08_01_18_02_38_211.jpg,0.05825893,0.0650671198964119,0.006808189896411895,0.006808189896411895,Small turn
6463,IMG/center_2026_08_01_18_02_38_278.jpg,0.06288265,0.05384857580065727,-0.009034074199342726,0.009034074199342726,Small turn
6470,IMG/center_2026_08_01_18_02_38_764.jpg,0.07028061,0.04059256240725517,-0.02968804759274482,0.02968804759274482,Small turn
6499,IMG/center_2026_08_01_18_02_40_819.jpg,-0.1006537,-0.014460851438343525,0.08619284856165647,0.08619284856165647,Small turn
6508,IMG/center_2026_08_01_18_02_41_458.jpg,0.0,0.026545951142907143,0.026545951142907143,0.026545951142907143,Near straight
6516,IMG/center_2026_08_01_18_02_42_028.jpg,-0.01034758,0.059721898287534714,0.07006947828753471,0.07006947828753471,Near straight
6517,IMG/center_2026_08_01_18_02_42_100.jpg,-0.01411033,0.01463229488581419,0.02874262488581419,0.02874262488581419,Near straight
6519,IMG/center_2026_08_01_18_02_42_234.jpg,-0.01411033,0.0191009733825922,0.033211303382592205,0.033211303382592205,Near straight
6530,IMG/center_2026_08_01_18_02_43_000.jpg,-0.06584822,-0.10542627424001694,-0.03957805424001694,0.03957805424001694,Small turn
6541,IMG/center_2026_08_01_18_02_43_777.jpg,-0.1326371,-0.1774016171693802,-0.04476451716938018,0.04476451716938018,Small turn
6543,IMG/center_2026_08_01_18_02_43_921.jpg,-0.1627392,-0.19356302917003632,-0.030823829170036315,0.030823829170036315,Small turn
6545,IMG/center_2026_08_01_18_02_44_064.jpg,-0.2220026,-0.19338779151439667,0.028614808485603327,0.028614808485603327,Medium turn
6562,IMG/center_2026_08_01_18_02_45_268.jpg,-0.04044962,-0.2003132551908493,-0.1598636351908493,0.1598636351908493,Near straight
6570,IMG/center_2026_08_01_18_02_45_820.jpg,-0.3508769,-0.22520411014556885,0.12567278985443114,0.12567278985443114,Medium turn
6573,IMG/center_2026_08_01_18_02_46_037.jpg,-0.4308355,-0.1592952460050583,0.2715402539949417,0.2715402539949417,Sharp turn
6588,IMG/center_2026_08_01_18_02_47_111.jpg,0.0,0.09686244279146194,0.09686244279146194,0.09686244279146194,Near straight
6616,IMG/center_2026_08_01_18_02_49_112.jpg,0.0,0.021715829148888588,0.021715829148888588,0.021715829148888588,Near straight
6634,IMG/center_2026_08_01_18_02_50_380.jpg,0.06658163,0.07591516524553299,0.009333535245532987,0.009333535245532987,Small turn
6636,IMG/center_2026_08_01_18_02_50_520.jpg,0.1378029,0.06815595179796219,-0.06964694820203782,0.06964694820203782,Small turn
6638,IMG/center_2026_08_01_18_02_50_658.jpg,0.1479751,0.04679156467318535,-0.10118353532681465,0.10118353532681465,Small turn
6665,IMG/center_2026_08_01_18_02_52_588.jpg,0.02311862,0.04321129247546196,0.02009267247546196,0.02009267247546196,Near straight
6666,IMG/center_2026_08_01_18_02_52_662.jpg,0.0536352,0.07752830535173416,0.02389310535173416,0.02389310535173416,Small turn
6668,IMG/center_2026_08_01_18_02_52_800.jpg,0.08600128,0.08758170157670975,0.001580421576709748,0.001580421576709748,Small turn
6670,IMG/center_2026_08_01_18_02_52_943.jpg,0.1118941,0.09699834138154984,-0.014895758618450161,0.014895758618450161,Small turn
6672,IMG/center_2026_08_01_18_02_53_085.jpg,0.1553571,0.08555207401514053,-0.06980502598485946,0.06980502598485946,Small turn
6673,IMG/center_2026_08_01_18_02_53_154.jpg,0.1729273,0.10813993960618973,-0.06478736039381028,0.06478736039381028,Small turn
6680,IMG/center_2026_08_01_18_02_53_647.jpg,0.2450574,0.06640905886888504,-0.17864834113111497,0.17864834113111497,Medium turn
6681,IMG/center_2026_08_01_18_02_53_715.jpg,0.2524554,0.11009163409471512,-0.14236376590528488,0.14236376590528488,Medium turn
6700,IMG/center_2026_08_01_18_02_55_072.jpg,0.42441,0.2602827548980713,-0.16412724510192872,0.16412724510192872,Sharp turn
6702,IMG/center_2026_08_01_18_02_55_220.jpg,0.0,0.3544861674308777,0.3544861674308777,0.3544861674308777,Near straight
6707,IMG/center_2026_08_01_18_02_55_577.jpg,0.2029496,0.1463560312986374,-0.05659356870136262,0.05659356870136262,Medium turn
6710,IMG/center_2026_08_01_18_02_55_785.jpg,0.2464126,0.08589250594377518,-0.16052009405622483,0.16052009405622483,Medium turn
6712,IMG/center_2026_08_01_18_02_55_928.jpg,0.3648278,0.10126662999391556,-0.2635611700060844,0.2635611700060844,Medium turn
6720,IMG/center_2026_08_01_18_02_56_489.jpg,0.0,-0.0276558306068182,-0.0276558306068182,0.0276558306068182,Near straight
6734,IMG/center_2026_08_01_18_02_57_498.jpg,0.04993622,-0.02237742207944393,-0.07231364207944393,0.07231364207944393,Near straight
6740,IMG/center_2026_08_01_18_02_57_927.jpg,0.00369898,0.028432467952370644,0.024733487952370643,0.024733487952370643,Near straight
6746,IMG/center_2026_08_01_18_02_58_347.jpg,0.06935587,0.06653723865747452,-0.002818631342525482,0.002818631342525482,Small turn
6748,IMG/center_2026_08_01_18_02_58_487.jpg,0.1044962,0.04832495376467705,-0.05617124623532295,0.05617124623532295,Small turn
6750,IMG/center_2026_08_01_18_02_58_627.jpg,0.1192921,0.07841134816408157,-0.040880751835918425,0.040880751835918425,Small turn
6753,IMG/center_2026_08_01_18_02_58_834.jpg,0.1220663,0.07258728891611099,-0.04947901108388901,0.04947901108388901,Small turn
6779,IMG/center_2026_08_01_18_03_00_650.jpg,0.0,0.04195756837725639,0.04195756837725639,0.04195756837725639,Near straight
6813,IMG/center_2026_08_01_18_03_03_014.jpg,0.0,0.038472604006528854,0.038472604006528854,0.038472604006528854,Near straight
6831,IMG/center_2026_08_01_18_03_04_273.jpg,0.0,0.030041882768273354,0.030041882768273354,0.030041882768273354,Near straight
6844,IMG/center_2026_08_01_18_03_05_192.jpg,0.0,0.05583317205309868,0.05583317205309868,0.05583317205309868,Near straight
6856,IMG/center_2026_08_01_18_03_06_048.jpg,0.0,0.054632555693387985,0.054632555693387985,0.054632555693387985,Near straight
6878,IMG/center_2026_08_01_18_03_07_590.jpg,0.03976403,-0.031669069081544876,-0.07143309908154488,0.07143309908154488,Near straight
6894,IMG/center_2026_08_01_18_03_08_710.jpg,0.07490434,0.021122345700860023,-0.053781994299139976,0.053781994299139976,Small turn
6896,IMG/center_2026_08_01_18_03_08_850.jpg,0.08692602,-0.0015439888229593635,-0.08847000882295937,0.08847000882295937,Small turn
6904,IMG/center_2026_08_01_18_03_09_418.jpg,0.0,-0.0028445622883737087,-0.0028445622883737087,0.0028445622883737087,Near straight
6910,IMG/center_2026_08_01_18_03_09_844.jpg,0.03053253,0.02308664657175541,-0.0074458834282445895,0.0074458834282445895,Near straight
6932,IMG/center_2026_08_01_18_03_11_388.jpg,0.02498406,0.046814482659101486,0.021830422659101487,0.021830422659101487,Near straight
6934,IMG/center_2026_08_01_18_03_11_532.jpg,0.09807079,0.03597370907664299,-0.062097080923357015,0.062097080923357015,Small turn
6944,IMG/center_2026_08_01_18_03_12_250.jpg,0.0,0.04099414870142937,0.04099414870142937,0.04099414870142937,Near straight
6949,IMG/center_2026_08_01_18_03_12_592.jpg,0.0,0.01873130537569523,0.01873130537569523,0.01873130537569523,Near straight
6951,IMG/center_2026_08_01_18_03_12_738.jpg,0.01202169,0.03996361419558525,0.02794192419558525,0.02794192419558525,Near straight
6976,IMG/center_2026_08_01_18_03_14_514.jpg,0.08325893,0.08962167054414749,0.006362740544147497,0.006362740544147497,Small turn
6984,IMG/center_2026_08_01_18_03_15_073.jpg,0.09465881,0.03515050932765007,-0.059508300672349926,0.059508300672349926,Small turn
7004,IMG/center_2026_08_01_18_03_16_473.jpg,0.1091518,0.048531424254179,-0.06062037574582099,0.06062037574582099,Small turn
7008,IMG/center_2026_08_01_18_03_16_752.jpg,0.1091518,0.07501480728387833,-0.03413699271612167,0.03413699271612167,Small turn
7023,IMG/center_2026_08_01_18_03_17_808.jpg,0.03791454,0.10214073210954666,0.06422619210954666,0.06422619210954666,Near straight
7024,IMG/center_2026_08_01_18_03_17_882.jpg,0.04716199,0.11967188864946365,0.07250989864946365,0.07250989864946365,Near straight
7028,IMG/center_2026_08_01_18_03_18_167.jpg,0.1396365,0.16061793267726898,0.020981432677268985,0.020981432677268985,Small turn
7033,IMG/center_2026_08_01_18_03_18_521.jpg,0.1535076,0.11183208972215652,-0.04167551027784347,0.04167551027784347,Small turn
7044,IMG/center_2026_08_01_18_03_19_282.jpg,0.1535076,0.08772251754999161,-0.06578508245000839,0.06578508245000839,Small turn
7050,IMG/center_2026_08_01_18_03_19_710.jpg,0.002774235,0.054982077330350876,0.052207842330350876,0.052207842330350876,Near straight
7051,IMG/center_2026_08_01_18_03_19_781.jpg,0.03236607,0.059330206364393234,0.026964136364393237,0.026964136364393237,Near straight
7058,IMG/center_2026_08_01_18_03_20_261.jpg,0.1128189,0.0977427139878273,-0.015076186012172699,0.015076186012172699,Small turn
7060,IMG/center_2026_08_01_18_03_20_401.jpg,0.1128189,0.09327546507120132,-0.019543434928798675,0.019543434928798675,Small turn
7064,IMG/center_2026_08_01_18_03_20_678.jpg,0.1128189,0.04750008508563042,-0.06531881491436958,0.06531881491436958,Small turn
7069,IMG/center_2026_08_01_18_03_21_045.jpg,0.0,0.06690437346696854,0.06690437346696854,0.06690437346696854,Near straight
7071,IMG/center_2026_08_01_18_03_21_191.jpg,0.0,0.08256971091032028,0.08256971091032028,0.08256971091032028,Near straight
7079,IMG/center_2026_08_01_18_03_21_749.jpg,0.09154975,0.11284161359071732,0.021291863590717316,0.021291863590717316,Small turn
7081,IMG/center_2026_08_01_18_03_21_886.jpg,0.1044962,0.12222928553819656,0.017733085538196566,0.017733085538196566,Small turn
7090,IMG/center_2026_08_01_18_03_22_525.jpg,0.1054209,0.057554941624403,-0.047865958375597,0.047865958375597,Small turn
7091,IMG/center_2026_08_01_18_03_22_595.jpg,0.1054209,0.0633556917309761,-0.04206520826902389,0.04206520826902389,Small turn
7105,IMG/center_2026_08_01_18_03_23_602.jpg,0.06750638,0.04791850969195366,-0.019587870308046346,0.019587870308046346,Small turn
7106,IMG/center_2026_08_01_18_03_23_672.jpg,0.07490434,0.023329177871346474,-0.051575162128653526,0.051575162128653526,Small turn
7116,IMG/center_2026_08_01_18_03_24_367.jpg,0.0638074,0.038707684725522995,-0.025099715274477005,0.025099715274477005,Small turn
7122,IMG/center_2026_08_01_18_03_24_785.jpg,0.07767857,0.029712924733757973,-0.04796564526624203,0.04796564526624203,Small turn
7133,IMG/center_2026_08_01_18_03_25_555.jpg,0.07586097,0.02481384016573429,-0.05104712983426571,0.05104712983426571,Small turn
7142,IMG/center_2026_08_01_18_03_26_194.jpg,0.0,0.018696019425988197,0.018696019425988197,0.018696019425988197,Near straight
7147,IMG/center_2026_08_01_18_03_26_539.jpg,0.04716199,0.03568835183978081,-0.011473638160219193,0.011473638160219193,Near straight
7156,IMG/center_2026_08_01_18_03_27_164.jpg,0.05733418,0.008494983427226543,-0.048839196572773455,0.048839196572773455,Small turn
7167,IMG/center_2026_08_01_18_03_27_946.jpg,0.0,0.02539742924273014,0.02539742924273014,0.02539742924273014,Near straight
7180,IMG/center_2026_08_01_18_03_28_861.jpg,0.03329081,0.025316188111901283,-0.007974621888098714,0.007974621888098714,Near straight
7183,IMG/center_2026_08_01_18_03_29_068.jpg,0.03329081,0.017728695645928383,-0.015562114354071614,0.015562114354071614,Near straight
7203,IMG/center_2026_08_01_18_03_30_488.jpg,0.0,-0.0007493396988138556,-0.0007493396988138556,0.0007493396988138556,Near straight
7211,IMG/center_2026_08_01_18_03_31_050.jpg,0.0,0.009104262106120586,0.009104262106120586,0.009104262106120586,Near straight
7241,IMG/center_2026_08_01_18_03_33_156.jpg,0.0,0.04530550166964531,0.04530550166964531,0.04530550166964531,Near straight
7258,IMG/center_2026_08_01_18_03_34_365.jpg,0.05178572,0.06614846736192703,0.014362747361927032,0.014362747361927032,Small turn
7268,IMG/center_2026_08_01_18_03_35_067.jpg,0.08692602,0.025546083226799965,-0.06137993677320004,0.06137993677320004,Small turn
7269,IMG/center_2026_08_01_18_03_35_140.jpg,0.08316327,0.01655019260942936,-0.06661307739057064,0.06661307739057064,Small turn
7286,IMG/center_2026_08_01_18_03_36_320.jpg,-0.042331,-0.007086267229169607,0.03524473277083039,0.03524473277083039,Near straight
7291,IMG/center_2026_08_01_18_03_36_674.jpg,0.0,-0.01816033385694027,-0.01816033385694027,0.01816033385694027,Near straight
7295,IMG/center_2026_08_01_18_03_36_949.jpg,0.0,-0.0058218142949044704,-0.0058218142949044704,0.0058218142949044704,Near straight
7308,IMG/center_2026_08_01_18_03_37_882.jpg,0.0,-0.02223300002515316,-0.02223300002515316,0.02223300002515316,Near straight
7312,IMG/center_2026_08_01_18_03_38_161.jpg,0.01387117,-0.007387568708509207,-0.02125873870850921,0.02125873870850921,Near straight
7313,IMG/center_2026_08_01_18_03_38_233.jpg,0.03606505,0.0013125637779012322,-0.03475248622209877,0.03475248622209877,Near straight
7316,IMG/center_2026_08_01_18_03_38_447.jpg,0.05918367,-0.006561329122632742,-0.06574499912263274,0.06574499912263274,Small turn
7338,IMG/center_2026_08_01_18_03_39_999.jpg,0.0268176,0.02182198502123356,-0.004995614978766442,0.004995614978766442,Near straight
7339,IMG/center_2026_08_01_18_03_40_067.jpg,0.02774235,0.016042837873101234,-0.011699512126898765,0.011699512126898765,Near straight
7340,IMG/center_2026_08_01_18_03_40_135.jpg,0.02866709,0.019035110250115395,-0.009631979749884605,0.009631979749884605,Near straight
7341,IMG/center_2026_08_01_18_03_40_208.jpg,0.02866709,-0.0013242861023172736,-0.029991376102317273,0.029991376102317273,Near straight
7346,IMG/center_2026_08_01_18_03_40_565.jpg,0.02866709,0.025310227647423744,-0.003356862352576255,0.003356862352576255,Near straight
7349,IMG/center_2026_08_01_18_03_40_771.jpg,0.02866709,0.020916828885674477,-0.007750261114325523,0.007750261114325523,Near straight
7353,IMG/center_2026_08_01_18_03_41_044.jpg,0.0,0.013409565202891827,0.013409565202891827,0.013409565202891827,Near straight
7363,IMG/center_2026_08_01_18_03_41_752.jpg,0.002774235,-0.012100090272724628,-0.014874325272724628,0.014874325272724628,Near straight
7364,IMG/center_2026_08_01_18_03_41_819.jpg,0.002774235,-0.010610570199787617,-0.013384805199787617,0.013384805199787617,Near straight
7370,IMG/center_2026_08_01_18_03_42_241.jpg,0.002774235,0.02115602232515812,0.01838178732515812,0.01838178732515812,Near straight
7372,IMG/center_2026_08_01_18_03_42_378.jpg,0.002774235,0.02551562525331974,0.02274139025331974,0.02274139025331974,Near straight
7375,IMG/center_2026_08_01_18_03_42_582.jpg,0.00369898,0.030100474134087563,0.02640149413408756,0.02640149413408756,Near straight
7377,IMG/center_2026_08_01_18_03_42_715.jpg,0.007397959,0.023966381326317787,0.016568422326317788,0.016568422326317788,Near straight
7397,IMG/center_2026_08_01_18_03_44_131.jpg,0.08045281,0.03779394552111626,-0.04265886447888374,0.04265886447888374,Small turn
7401,IMG/center_2026_08_01_18_03_44_408.jpg,0.07104592,0.04067636653780937,-0.030369553462190627,0.030369553462190627,Small turn
7402,IMG/center_2026_08_01_18_03_44_482.jpg,0.07010523,0.009903262369334698,-0.06020196763066531,0.06020196763066531,Small turn
7418,IMG/center_2026_08_01_18_03_45_601.jpg,0.0,-0.022831430658698082,-0.022831430658698082,0.022831430658698082,Near straight
7440,IMG/center_2026_08_01_18_03_47_138.jpg,0.02959184,-0.0014689465751871467,-0.031060786575187148,0.031060786575187148,Near straight
7441,IMG/center_2026_08_01_18_03_47_206.jpg,0.02959184,-0.004609634634107351,-0.03420147463410735,0.03420147463410735,Near straight
7450,IMG/center_2026_08_01_18_03_47_834.jpg,0.03514031,0.019313344731926918,-0.015826965268073083,0.015826965268073083,Near straight
7451,IMG/center_2026_08_01_18_03_47_904.jpg,0.03514031,0.02344674803316593,-0.01169356196683407,0.01169356196683407,Near straight
7454,IMG/center_2026_08_01_18_03_48_112.jpg,0.04901148,0.015424381010234356,-0.03358709898976565,0.03358709898976565,Near straight
7457,IMG/center_2026_08_01_18_03_48_321.jpg,0.05271046,0.009258936159312725,-0.043451523840687276,0.043451523840687276,Small turn
7460,IMG/center_2026_08_01_18_03_48_531.jpg,0.05271046,0.01893843151628971,-0.03377202848371029,0.03377202848371029,Small turn
7461,IMG/center_2026_08_01_18_03_48_604.jpg,0.05271046,0.02177024818956852,-0.03094021181043148,0.03094021181043148,Small turn
7466,IMG/center_2026_08_01_18_03_48_951.jpg,0.05271046,0.03230924531817436,-0.02040121468182564,0.02040121468182564,Small turn
7488,IMG/center_2026_08_01_18_03_50_500.jpg,0.07675382,0.0888824537396431,0.012128633739643097,0.012128633739643097,Small turn
7501,IMG/center_2026_08_01_18_03_51_424.jpg,0.1109694,0.06526387482881546,-0.045705525171184536,0.045705525171184536,Small turn
7503,IMG/center_2026_08_01_18_03_51_565.jpg,0.1109694,0.052097152918577194,-0.0588722470814228,0.0588722470814228,Small turn
7516,IMG/center_2026_08_01_18_03_52_510.jpg,0.02219388,0.0600518099963665,0.0378579299963665,0.0378579299963665,Near straight
7517,IMG/center_2026_08_01_18_03_52_582.jpg,0.03329081,0.06564784795045853,0.03235703795045853,0.03235703795045853,Near straight
7536,IMG/center_2026_08_01_18_03_53_898.jpg,0.1118941,0.06172085925936699,-0.05017324074063301,0.05017324074063301,Small turn
7567,IMG/center_2026_08_01_18_03_56_075.jpg,0.0,0.10193444043397903,0.10193444043397903,0.10193444043397903,Near straight
7569,IMG/center_2026_08_01_18_03_56_211.jpg,0.08700574,0.11386782675981522,0.026862086759815218,0.026862086759815218,Small turn
7571,IMG/center_2026_08_01_18_03_56_353.jpg,0.1138233,0.12014562636613846,0.006322326366138456,0.006322326366138456,Small turn
7573,IMG/center_2026_08_01_18_03_56_490.jpg,0.1498884,0.1333874613046646,-0.016500938695335393,0.016500938695335393,Small turn
7578,IMG/center_2026_08_01_18_03_56_845.jpg,0.0,0.092397041618824,0.092397041618824,0.092397041618824,Near straight
7584,IMG/center_2026_08_01_18_03_57_266.jpg,0.03791454,0.12672115862369537,0.08880661862369538,0.08880661862369538,Near straight
7589,IMG/center_2026_08_01_18_03_57_622.jpg,0.227551,0.11969245225191116,-0.10785854774808884,0.10785854774808884,Medium turn
7625,IMG/center_2026_08_01_18_04_00_212.jpg,0.3213488,0.15070398151874542,-0.17064481848125457,0.17064481848125457,Medium turn
7635,IMG/center_2026_08_01_18_04_00_937.jpg,0.2621811,0.16550053656101227,-0.09668056343898773,0.09668056343898773,Medium turn
7651,IMG/center_2026_08_01_18_04_02_066.jpg,0.173007,0.08887851983308792,-0.08412848016691207,0.08412848016691207,Small turn
7652,IMG/center_2026_08_01_18_04_02_140.jpg,0.1748565,0.075581856071949,-0.09927464392805099,0.09927464392805099,Small turn
7657,IMG/center_2026_08_01_18_04_02_511.jpg,0.002774235,0.04951364919543266,0.04673941419543266,0.04673941419543266,Near straight
7669,IMG/center_2026_08_01_18_04_03_373.jpg,0.02959184,0.06426811963319778,0.03467627963319778,0.03467627963319778,Near straight
7671,IMG/center_2026_08_01_18_04_03_510.jpg,0.06935587,0.056868623942136765,-0.012487246057863235,0.012487246057863235,Small turn
7673,IMG/center_2026_08_01_18_04_03_646.jpg,0.06935587,0.050230514258146286,-0.019125355741853714,0.019125355741853714,Small turn
7674,IMG/center_2026_08_01_18_04_03_719.jpg,0.06935587,0.04151798412203789,-0.027837885877962112,0.027837885877962112,Small turn
7675,IMG/center_2026_08_01_18_04_03_789.jpg,0.06935587,0.051277827471494675,-0.018078042528505325,0.018078042528505325,Small turn
7685,IMG/center_2026_08_01_18_04_04_505.jpg,0.05640943,0.03312678262591362,-0.023282647374086383,0.023282647374086383,Small turn
7701,IMG/center_2026_08_01_18_04_05_644.jpg,0.0,0.06320983916521072,0.06320983916521072,0.06320983916521072,Near straight
7713,IMG/center_2026_08_01_18_04_06_498.jpg,0.0,0.003165076021105051,0.003165076021105051,0.003165076021105051,Near straight
7734,IMG/center_2026_08_01_18_04_07_998.jpg,-0.06772959,-0.14179445803165436,-0.07406486803165435,0.07406486803165435,Small turn
7738,IMG/center_2026_08_01_18_04_08_281.jpg,-0.1307557,-0.13959242403507233,-0.008836724035072324,0.008836724035072324,Small turn
7739,IMG/center_2026_08_01_18_04_08_348.jpg,-0.1307557,-0.1436416506767273,-0.012885950676727292,0.012885950676727292,Small turn
7745,IMG/center_2026_08_01_18_04_08_769.jpg,0.0,-0.16351087391376495,-0.16351087391376495,0.16351087391376495,Near straight
7747,IMG/center_2026_08_01_18_04_08_908.jpg,0.0,-0.17355801165103912,-0.17355801165103912,0.17355801165103912,Near straight
7748,IMG/center_2026_08_01_18_04_08_982.jpg,-0.01411033,-0.16230575740337372,-0.14819542740337371,0.14819542740337371,Near straight
7754,IMG/center_2026_08_01_18_04_09_404.jpg,-0.2782525,-0.29691874980926514,-0.018666249809265123,0.018666249809265123,Medium turn
7756,IMG/center_2026_08_01_18_04_09_544.jpg,-0.3008291,-0.29444292187690735,0.006386178123092667,0.006386178123092667,Medium turn
7757,IMG/center_2026_08_01_18_04_09_611.jpg,-0.3318718,-0.293979287147522,0.03789251285247802,0.03789251285247802,Medium turn
7759,IMG/center_2026_08_01_18_04_09_757.jpg,-0.3911352,-0.331759512424469,0.05937568757553102,0.05937568757553102,Medium turn
7762,IMG/center_2026_08_01_18_04_09_971.jpg,-0.4014828,-0.27086690068244934,0.13061589931755063,0.13061589931755063,Sharp turn
7764,IMG/center_2026_08_01_18_04_10_117.jpg,-0.4014828,-0.18718355894088745,0.21429924105911252,0.21429924105911252,Sharp turn
7767,IMG/center_2026_08_01_18_04_10_324.jpg,-0.4014828,-0.12880516052246094,0.27267763947753904,0.27267763947753904,Sharp turn
7781,IMG/center_2026_08_01_18_04_11_315.jpg,-0.01975446,-0.07065259665250778,-0.05089813665250778,0.05089813665250778,Near straight
7782,IMG/center_2026_08_01_18_04_11_386.jpg,-0.02916135,-0.09136541932821274,-0.062204069328212735,0.062204069328212735,Near straight
7785,IMG/center_2026_08_01_18_04_11_595.jpg,-0.04327168,-0.07075368613004684,-0.027482006130046845,0.027482006130046845,Near straight
7786,IMG/center_2026_08_01_18_04_11_662.jpg,-0.06020408,-0.10085778683423996,-0.04065370683423996,0.04065370683423996,Small turn
7787,IMG/center_2026_08_01_18_04_11_735.jpg,-0.08936544,-0.10559626668691635,-0.016230826686916347,0.016230826686916347,Small turn
7788,IMG/center_2026_08_01_18_04_11_805.jpg,-0.1185268,-0.10968553274869919,0.008841267251300813,0.008841267251300813,Small turn
7790,IMG/center_2026_08_01_18_04_11_949.jpg,-0.1185268,-0.10641320794820786,0.012113592051792146,0.012113592051792146,Small turn
7793,IMG/center_2026_08_01_18_04_12_166.jpg,-0.1392219,-0.08789407461881638,0.051327825381183634,0.051327825381183634,Small turn
7795,IMG/center_2026_08_01_18_04_12_306.jpg,-0.1514509,-0.066965751349926,0.084485148650074,0.084485148650074,Small turn
7799,IMG/center_2026_08_01_18_04_12_582.jpg,-0.1514509,-0.013642837293446064,0.13780806270655394,0.13780806270655394,Small turn
7800,IMG/center_2026_08_01_18_04_12_649.jpg,-0.1514509,-0.022312870249152184,0.12913802975084782,0.12913802975084782,Small turn
7810,IMG/center_2026_08_01_18_04_13_376.jpg,0.0,0.07957334071397781,0.07957334071397781,0.07957334071397781,Near straight
7812,IMG/center_2026_08_01_18_04_13_518.jpg,0.01941964,0.09125221520662308,0.07183257520662308,0.07183257520662308,Near straight
7814,IMG/center_2026_08_01_18_04_13_661.jpg,0.0638074,0.094910629093647,0.031103229093647003,0.031103229093647003,Small turn
7815,IMG/center_2026_08_01_18_04_13_733.jpg,0.08415178,0.0920228436589241,0.007871063658924107,0.007871063658924107,Small turn
7830,IMG/center_2026_08_01_18_04_14_811.jpg,0.03421556,0.06386543065309525,0.029649870653095246,0.029649870653095246,Near straight
7833,IMG/center_2026_08_01_18_04_15_016.jpg,0.03421556,0.06556964665651321,0.031354086656513215,0.031354086656513215,Near straight
7839,IMG/center_2026_08_01_18_04_15_461.jpg,0.0,0.063807912170887,0.063807912170887,0.063807912170887,Near straight
7841,IMG/center_2026_08_01_18_04_15_609.jpg,0.0,0.04846174642443657,0.04846174642443657,0.04846174642443657,Near straight
7859,IMG/center_2026_08_01_18_04_16_907.jpg,0.03504464,0.08615798503160477,0.051113345031604765,0.051113345031604765,Near straight
7861,IMG/center_2026_08_01_18_04_17_048.jpg,0.1256059,0.1308680921792984,0.005262192179298408,0.005262192179298408,Small turn
7864,IMG/center_2026_08_01_18_04_17_265.jpg,0.1274554,0.11915052682161331,-0.008304873178386685,0.008304873178386685,Small turn
7868,IMG/center_2026_08_01_18_04_17_543.jpg,0.1422513,0.136551633477211,-0.005699666522788999,0.005699666522788999,Small turn
7880,IMG/center_2026_08_01_18_04_18_394.jpg,0.251435,0.13957323133945465,-0.11186176866054537,0.11186176866054537,Medium turn
7889,IMG/center_2026_08_01_18_04_19_034.jpg,0.1793527,0.08930493146181107,-0.09004776853818894,0.09004776853818894,Small turn
7900,IMG/center_2026_08_01_18_04_19_807.jpg,0.0,0.14306794106960297,0.14306794106960297,0.14306794106960297,Near straight
7902,IMG/center_2026_08_01_18_04_19_948.jpg,0.07034439,0.12340638786554337,0.05306199786554336,0.05306199786554336,Small turn
7905,IMG/center_2026_08_01_18_04_20_156.jpg,0.2267219,0.1985204964876175,-0.02820140351238251,0.02820140351238251,Medium turn
7906,IMG/center_2026_08_01_18_04_20_231.jpg,0.284104,0.2161259800195694,-0.06797801998043063,0.06797801998043063,Medium turn
7913,IMG/center_2026_08_01_18_04_20_725.jpg,0.4080198,0.22561554610729218,-0.1824042538927078,0.1824042538927078,Sharp turn
7921,IMG/center_2026_08_01_18_04_21_299.jpg,0.05637755,0.13598854839801788,0.07961099839801788,0.07961099839801788,Small turn
7960,IMG/center_2026_08_01_18_04_24_067.jpg,0.06750638,0.07732508331537247,0.009818703315372462,0.009818703315372462,Small turn
7962,IMG/center_2026_08_01_18_04_24_207.jpg,0.07028061,0.08874369412660599,0.018463084126605994,0.018463084126605994,Small turn
7963,IMG/center_2026_08_01_18_04_24_279.jpg,0.07028061,0.09054029732942581,0.02025968732942582,0.02025968732942582,Small turn
7983,IMG/center_2026_08_01_18_04_25_684.jpg,0.0,0.04101182147860527,0.04101182147860527,0.04101182147860527,Near straight
8027,IMG/center_2026_08_01_18_04_28_768.jpg,0.0,0.033074211329221725,0.033074211329221725,0.033074211329221725,Near straight
8057,IMG/center_2026_08_01_18_04_30_884.jpg,0.0,0.06156874820590019,0.06156874820590019,0.06156874820590019,Near straight
8095,IMG/center_2026_08_01_18_04_33_589.jpg,0.01479592,0.023324081674218178,0.008528161674218177,0.008528161674218177,Near straight
8107,IMG/center_2026_08_01_18_04_34_421.jpg,0.1044962,0.004372964147478342,-0.10012323585252166,0.10012323585252166,Small turn
8123,IMG/center_2026_08_01_18_04_35_550.jpg,0.006473215,0.02325809933245182,0.01678488433245182,0.01678488433245182,Near straight
8133,IMG/center_2026_08_01_18_04_36_263.jpg,0.03421556,0.0263048205524683,-0.0079107394475317,0.0079107394475317,Near straight
8148,IMG/center_2026_08_01_18_04_37_316.jpg,0.06474809,0.021592387929558754,-0.04315570207044124,0.04315570207044124,Small turn
8149,IMG/center_2026_08_01_18_04_37_388.jpg,0.06474809,0.035195838660001755,-0.02955225133999824,0.02955225133999824,Small turn
8161,IMG/center_2026_08_01_18_04_38_234.jpg,0.04253827,0.07744727283716202,0.034909002837162015,0.034909002837162015,Near straight
8177,IMG/center_2026_08_01_18_04_39_375.jpg,0.07028061,0.08655322343111038,0.01627261343111039,0.01627261343111039,Small turn
8199,IMG/center_2026_08_01_18_04_40_959.jpg,0.08877551,0.04824865981936455,-0.040526850180635454,0.040526850180635454,Small turn
8208,IMG/center_2026_08_01_18_04_41_590.jpg,0.1350128,0.04977918788790703,-0.08523361211209296,0.08523361211209296,Small turn
8224,IMG/center_2026_08_01_18_04_42_739.jpg,0.1387755,0.07987082749605179,-0.05890467250394821,0.05890467250394821,Small turn
8237,IMG/center_2026_08_01_18_04_43_649.jpg,0.05178572,0.08602143079042435,0.03423571079042435,0.03423571079042435,Small turn
8245,IMG/center_2026_08_01_18_04_44_220.jpg,0.12669,0.11548865586519241,-0.011201344134807584,0.011201344134807584,Small turn
8246,IMG/center_2026_08_01_18_04_44_293.jpg,0.12669,0.11225242167711258,-0.014437578322887418,0.014437578322887418,Small turn
8247,IMG/center_2026_08_01_18_04_44_363.jpg,0.12669,0.11479444056749344,-0.011895559432506558,0.011895559432506558,Small turn
8250,IMG/center_2026_08_01_18_04_44_579.jpg,0.1294643,0.10338214784860611,-0.026082152151393895,0.026082152151393895,Small turn
8256,IMG/center_2026_08_01_18_04_45_000.jpg,0.134088,0.08201286941766739,-0.052075130582332624,0.052075130582332624,Small turn
8261,IMG/center_2026_08_01_18_04_45_356.jpg,0.1387117,0.038211118429899216,-0.10050058157010078,0.10050058157010078,Small turn
8269,IMG/center_2026_08_01_18_04_45_916.jpg,0.0,0.025512704625725746,0.025512704625725746,0.025512704625725746,Near straight
8273,IMG/center_2026_08_01_18_04_46_195.jpg,0.006473215,0.046088140457868576,0.03961492545786858,0.03961492545786858,Near straight
8278,IMG/center_2026_08_01_18_04_46_543.jpg,0.07120536,0.06549540907144547,-0.00570995092855453,0.00570995092855453,Small turn
8283,IMG/center_2026_08_01_18_04_46_903.jpg,0.0009247449,0.08313531428575516,0.08221056938575516,0.08221056938575516,Near straight
8284,IMG/center_2026_08_01_18_04_46_970.jpg,0.01017219,0.09711302071809769,0.08694083071809769,0.08694083071809769,Near straight
8292,IMG/center_2026_08_01_18_04_47_536.jpg,0.05918367,0.0786595419049263,0.0194758719049263,0.0194758719049263,Small turn
8308,IMG/center_2026_08_01_18_04_48_663.jpg,0.1174426,0.05902291461825371,-0.058419685381746286,0.058419685381746286,Small turn
8314,IMG/center_2026_08_01_18_04_49_109.jpg,0.0,0.015930185094475746,0.015930185094475746,0.015930185094475746,Near straight
8320,IMG/center_2026_08_01_18_04_49_550.jpg,0.03330676,0.030957171693444252,-0.0023495883065557457,0.0023495883065557457,Near straight
8321,IMG/center_2026_08_01_18_04_49_623.jpg,0.03423151,0.03633160516619682,0.0021000951661968234,0.0021000951661968234,Near straight
8327,IMG/center_2026_08_01_18_04_50_049.jpg,0.03608099,0.0401734821498394,0.004092492149839401,0.004092492149839401,Near straight
8341,IMG/center_2026_08_01_18_04_51_045.jpg,0.02774235,0.027748534455895424,6.184455895424934e-06,6.184455895424934e-06,Near straight
8345,IMG/center_2026_08_01_18_04_51_336.jpg,0.03421556,0.03995544835925102,0.005739888359251023,0.005739888359251023,Near straight
8346,IMG/center_2026_08_01_18_04_51_403.jpg,0.03514031,0.03466625139117241,-0.00047405860882759193,0.00047405860882759193,Near straight
8347,IMG/center_2026_08_01_18_04_51_475.jpg,0.03514031,0.03565467521548271,0.0005143652154827108,0.0005143652154827108,Near straight
8366,IMG/center_2026_08_01_18_04_52_789.jpg,0.04161352,0.024554261937737465,-0.017059258062262536,0.017059258062262536,Near straight
8382,IMG/center_2026_08_01_18_04_53_923.jpg,0.0554847,-0.009929587133228779,-0.06541428713322878,0.06541428713322878,Small turn
8383,IMG/center_2026_08_01_18_04_53_995.jpg,0.0554847,0.0027224519290030003,-0.052762248070997,0.052762248070997,Small turn
8393,IMG/center_2026_08_01_18_04_54_700.jpg,0.0,-0.01658039353787899,-0.01658039353787899,0.01658039353787899,Near straight
8400,IMG/center_2026_08_01_18_04_55_191.jpg,0.02219388,0.002394209150224924,-0.019799670849775075,0.019799670849775075,Near straight
8408,IMG/center_2026_08_01_18_04_55_746.jpg,0.02959184,0.007560799364000559,-0.022031040635999442,0.022031040635999442,Near straight
8417,IMG/center_2026_08_01_18_04_56_380.jpg,0.02496811,0.010782311670482159,-0.014185798329517843,0.014185798329517843,Near straight
8421,IMG/center_2026_08_01_18_04_56_666.jpg,0.03329081,0.007905433885753155,-0.025385376114246842,0.025385376114246842,Near straight
8427,IMG/center_2026_08_01_18_04_57_085.jpg,0.0,0.012295971624553204,0.012295971624553204,0.012295971624553204,Near straight
8445,IMG/center_2026_08_01_18_04_58_365.jpg,0.04161352,0.00530273700132966,-0.03631078299867034,0.03631078299867034,Near straight
8450,IMG/center_2026_08_01_18_04_58_718.jpg,0.04161352,-0.00097583734896034,-0.04258935734896034,0.04258935734896034,Near straight
8452,IMG/center_2026_08_01_18_04_58_853.jpg,0.0,0.0065574743784964085,0.0065574743784964085,0.0065574743784964085,Near straight
8453,IMG/center_2026_08_01_18_04_58_928.jpg,0.0,0.0012659529456868768,0.0012659529456868768,0.0012659529456868768,Near straight
8472,IMG/center_2026_08_01_18_05_00_262.jpg,0.0,-0.004924347158521414,-0.004924347158521414,0.004924347158521414,Near straight
8475,IMG/center_2026_08_01_18_05_00_465.jpg,0.01294643,0.0025422670878469944,-0.010404162912153006,0.010404162912153006,Near straight
8479,IMG/center_2026_08_01_18_05_00_748.jpg,0.02496811,0.009797523729503155,-0.015170586270496847,0.015170586270496847,Near straight
8482,IMG/center_2026_08_01_18_05_00_951.jpg,0.02496811,0.007392356637865305,-0.017575753362134697,0.017575753362134697,Near straight
8485,IMG/center_2026_08_01_18_05_01_162.jpg,0.02496811,0.011596272699534893,-0.013371837300465109,0.013371837300465109,Near straight
8487,IMG/center_2026_08_01_18_05_01_302.jpg,0.0268176,0.01270736288279295,-0.01411023711720705,0.01411023711720705,Near straight
8492,IMG/center_2026_08_01_18_05_01_649.jpg,0.03144133,0.009619305841624737,-0.021822024158375267,0.021822024158375267,Near straight
8496,IMG/center_2026_08_01_18_05_01_935.jpg,0.03236607,0.0020824172534048557,-0.03028365274659514,0.03028365274659514,Near straight
8497,IMG/center_2026_08_01_18_05_02_008.jpg,0.03236607,0.0034728744067251682,-0.02889319559327483,0.02889319559327483,Near straight
8504,IMG/center_2026_08_01_18_05_02_494.jpg,0.0,0.014474104158580303,0.014474104158580303,0.014474104158580303,Near straight
8517,IMG/center_2026_08_01_18_05_03_415.jpg,0.01017219,-0.014070739038288593,-0.02424292903828859,0.02424292903828859,Near straight
8521,IMG/center_2026_08_01_18_05_03_691.jpg,0.02219388,-0.016627421602606773,-0.03882130160260677,0.03882130160260677,Near straight
8545,IMG/center_2026_08_01_18_05_05_387.jpg,0.02126913,0.010649393312633038,-0.010619736687366963,0.010619736687366963,Near straight
8549,IMG/center_2026_08_01_18_05_05_670.jpg,0.02404337,0.02349449135363102,-0.0005488786463689818,0.0005488786463689818,Near straight
8559,IMG/center_2026_08_01_18_05_06_375.jpg,0.0,0.03211374208331108,0.03211374208331108,0.03211374208331108,Near straight
8564,IMG/center_2026_08_01_18_05_06_726.jpg,0.02866709,0.016400644555687904,-0.012266445444312095,0.012266445444312095,Near straight
8568,IMG/center_2026_08_01_18_05_07_013.jpg,0.03883928,0.013711701147258282,-0.025127578852741715,0.025127578852741715,Near straight
8579,IMG/center_2026_08_01_18_05_07_796.jpg,0.009247449,0.01875508762896061,0.00950763862896061,0.00950763862896061,Near straight
8589,IMG/center_2026_08_01_18_05_08_499.jpg,0.04808674,0.0337606780230999,-0.014326061976900104,0.014326061976900104,Near straight
8590,IMG/center_2026_08_01_18_05_08_567.jpg,0.04808674,0.039148759096860886,-0.008937980903139117,0.008937980903139117,Near straight
8613,IMG/center_2026_08_01_18_05_10_192.jpg,0.0,-0.0013604661216959357,-0.0013604661216959357,0.0013604661216959357,Near straight
8622,IMG/center_2026_08_01_18_05_10_820.jpg,0.005548469,-0.011152972467243671,-0.01670144146724367,0.01670144146724367,Near straight
8642,IMG/center_2026_08_01_18_05_12_215.jpg,0.04346301,0.027724334970116615,-0.015738675029883388,0.015738675029883388,Near straight
8645,IMG/center_2026_08_01_18_05_12_433.jpg,0.0554847,0.03568870946764946,-0.019795990532350538,0.019795990532350538,Small turn
8646,IMG/center_2026_08_01_18_05_12_507.jpg,0.0554847,0.03310359641909599,-0.022381103580904005,0.022381103580904005,Small turn
8654,IMG/center_2026_08_01_18_05_13_080.jpg,0.02311862,0.04783357307314873,0.024714953073148728,0.024714953073148728,Near straight
8656,IMG/center_2026_08_01_18_05_13_221.jpg,0.0638074,0.054107677191495895,-0.009699722808504105,0.009699722808504105,Small turn
8665,IMG/center_2026_08_01_18_05_13_847.jpg,0.0009247449,0.05412698909640312,0.05320224419640312,0.05320224419640312,Near straight
8674,IMG/center_2026_08_01_18_05_14_476.jpg,0.09339924,0.07601321488618851,-0.017386025113811487,0.017386025113811487,Small turn
8691,IMG/center_2026_08_01_18_05_15_678.jpg,0.04993622,0.08511919528245926,0.035182975282459256,0.035182975282459256,Near straight
8693,IMG/center_2026_08_01_18_05_15_814.jpg,0.05825893,0.05811513587832451,-0.00014379412167549177,0.00014379412167549177,Small turn
8728,IMG/center_2026_08_01_18_05_18_283.jpg,0.04161352,0.055357884615659714,0.013744364615659713,0.013744364615659713,Near straight
8730,IMG/center_2026_08_01_18_05_18_421.jpg,0.08507653,0.070485420525074,-0.014591109474925992,0.014591109474925992,Small turn
8732,IMG/center_2026_08_01_18_05_18_566.jpg,0.1035714,0.11929435282945633,0.015722952829456335,0.015722952829456335,Small turn
8733,IMG/center_2026_08_01_18_05_18_634.jpg,0.1054209,0.09784335643053055,-0.00757754356946945,0.00757754356946945,Small turn
8742,IMG/center_2026_08_01_18_05_19_263.jpg,0.1155931,0.08161617070436478,-0.03397692929563523,0.03397692929563523,Small turn
8748,IMG/center_2026_08_01_18_05_19_683.jpg,0.02219388,0.0714697316288948,0.04927585162889481,0.04927585162889481,Near straight
8751,IMG/center_2026_08_01_18_05_19_891.jpg,0.07028061,0.04662640020251274,-0.023654209797487252,0.023654209797487252,Small turn
8754,IMG/center_2026_08_01_18_05_20_098.jpg,0.09987245,0.06646174937486649,-0.033410700625133516,0.033410700625133516,Small turn
8761,IMG/center_2026_08_01_18_05_20_590.jpg,0.1257653,0.0766296461224556,-0.0491356538775444,0.0491356538775444,Small turn
8763,IMG/center_2026_08_01_18_05_20_736.jpg,0.1331633,0.136507049202919,0.003343749202918994,0.003343749202918994,Small turn
8780,IMG/center_2026_08_01_18_05_21_929.jpg,0.09432398,0.13187773525714874,0.03755375525714874,0.03755375525714874,Small turn
8781,IMG/center_2026_08_01_18_05_22_000.jpg,0.1109694,0.1399739533662796,0.029004553366279606,0.029004553366279606,Small turn
8809,IMG/center_2026_08_01_18_05_24_003.jpg,0.1738839,0.1314072161912918,-0.0424766838087082,0.0424766838087082,Small turn
8810,IMG/center_2026_08_01_18_05_24_070.jpg,0.1738839,0.11915148049592972,-0.05473241950407029,0.05473241950407029,Small turn
8814,IMG/center_2026_08_01_18_05_24_355.jpg,0.1757334,0.06973082572221756,-0.10600257427778245,0.10600257427778245,Small turn
8852,IMG/center_2026_08_01_18_05_27_012.jpg,0.1655293,0.05576111003756523,-0.10976818996243476,0.10976818996243476,Small turn
8853,IMG/center_2026_08_01_18_05_27_082.jpg,0.1701531,0.03128133341670036,-0.13887176658329964,0.13887176658329964,Small turn
8855,IMG/center_2026_08_01_18_05_27_229.jpg,0.1701531,0.03485829755663872,-0.13529480244336128,0.13529480244336128,Small turn
8873,IMG/center_2026_08_01_18_05_28_529.jpg,0.06935587,0.06199974939227104,-0.007356120607728958,0.007356120607728958,Small turn
8877,IMG/center_2026_08_01_18_05_28_812.jpg,0.1192921,0.06262613087892532,-0.056665969121074675,0.056665969121074675,Small turn
8878,IMG/center_2026_08_01_18_05_28_880.jpg,0.1192921,0.055506955832242966,-0.06378514416775703,0.06378514416775703,Small turn
8879,IMG/center_2026_08_01_18_05_28_953.jpg,0.1192921,0.0431373231112957,-0.0761547768887043,0.0761547768887043,Small turn
8889,IMG/center_2026_08_01_18_05_29_670.jpg,0.0,0.003240416292101145,0.003240416292101145,0.003240416292101145,Near straight
8902,IMG/center_2026_08_01_18_05_30_606.jpg,0.09167729,0.028257498517632484,-0.06341979148236751,0.06341979148236751,Small turn
8932,IMG/center_2026_08_01_18_05_32_741.jpg,-0.1411033,-0.09970711916685104,0.04139618083314894,0.04139618083314894,Small turn
8934,IMG/center_2026_08_01_18_05_32_885.jpg,-0.1458068,-0.07899888604879379,0.0668079139512062,0.0668079139512062,Small turn
8935,IMG/center_2026_08_01_18_05_32_953.jpg,-0.1458068,-0.04975544288754463,0.09605135711245535,0.09605135711245535,Small turn
8940,IMG/center_2026_08_01_18_05_33_313.jpg,0.0,-0.024732938036322594,-0.024732938036322594,0.024732938036322594,Near straight
8946,IMG/center_2026_08_01_18_05_33_732.jpg,-0.08654337,-0.1436149626970291,-0.05707159269702912,0.05707159269702912,Small turn
8948,IMG/center_2026_08_01_18_05_33_876.jpg,-0.1015944,-0.17854073643684387,-0.07694633643684387,0.07694633643684387,Small turn
8955,IMG/center_2026_08_01_18_05_34_363.jpg,-0.2340402,-0.1986488252878189,0.035391374712181095,0.035391374712181095,Medium turn
8957,IMG/center_2026_08_01_18_05_34_508.jpg,-0.2537946,-0.19472642242908478,0.059068177570915203,0.059068177570915203,Medium turn
8958,IMG/center_2026_08_01_18_05_34_579.jpg,-0.2537946,-0.21518990397453308,0.0386046960254669,0.0386046960254669,Medium turn
8969,IMG/center_2026_08_01_18_05_35_362.jpg,-0.3880421,-0.23029686510562897,0.15774523489437103,0.15774523489437103,Medium turn
8992,IMG/center_2026_08_01_18_05_37_009.jpg,0.25,0.06948638707399368,-0.18051361292600632,0.18051361292600632,Medium turn
9010,IMG/center_2026_08_01_18_05_38_308.jpg,-0.02822066,0.012075732462108135,0.04029639246210814,0.04029639246210814,Near straight
9011,IMG/center_2026_08_01_18_05_38_375.jpg,-0.05550064,0.010395298711955547,0.06589593871195554,0.06589593871195554,Small turn
9014,IMG/center_2026_08_01_18_05_38_582.jpg,-0.06114477,-0.021728744730353355,0.039416025269646646,0.039416025269646646,Small turn
9032,IMG/center_2026_08_01_18_05_39_880.jpg,-0.15,-0.042186398059129715,0.10781360194087028,0.10781360194087028,Small turn
9050,IMG/center_2026_08_01_18_05_41_171.jpg,0.09250638,0.10898948460817337,0.01648310460817337,0.01648310460817337,Small turn
9052,IMG/center_2026_08_01_18_05_41_313.jpg,0.09897958,0.0869230106472969,-0.012056569352703092,0.012056569352703092,Small turn
9053,IMG/center_2026_08_01_18_05_41_380.jpg,0.09990434,0.10359252244234085,0.0036881824423408566,0.0036881824423408566,Small turn
9054,IMG/center_2026_08_01_18_05_41_448.jpg,0.1008291,0.09309393912553787,-0.0077351608744621325,0.0077351608744621325,Small turn
9060,IMG/center_2026_08_01_18_05_41_864.jpg,0.04902742,0.13669736683368683,0.08766994683368683,0.08766994683368683,Near straight
9061,IMG/center_2026_08_01_18_05_41_932.jpg,0.06844707,0.1313042789697647,0.06285720896976471,0.06285720896976471,Small turn
9064,IMG/center_2026_08_01_18_05_42_142.jpg,0.09618941,0.088970847427845,-0.007218562572155002,0.007218562572155002,Small turn
9067,IMG/center_2026_08_01_18_05_42_350.jpg,0.1082111,0.1256236582994461,0.0174125582994461,0.0174125582994461,Small turn
9068,IMG/center_2026_08_01_18_05_42_423.jpg,0.1082111,0.12250352650880814,0.014292426508808131,0.014292426508808131,Small turn
9076,IMG/center_2026_08_01_18_05_43_000.jpg,0.1148278,0.17672856152057648,0.06190076152057648,0.06190076152057648,Small turn
9078,IMG/center_2026_08_01_18_05_43_137.jpg,0.1388712,0.1978336125612259,0.05896241256122589,0.05896241256122589,Small turn
9080,IMG/center_2026_08_01_18_05_43_273.jpg,0.1416454,0.1680476814508438,0.026402281450843806,0.026402281450843806,Small turn
9085,IMG/center_2026_08_01_18_05_43_616.jpg,0.1444196,0.15276356041431427,0.008343960414314261,0.008343960414314261,Small turn
9086,IMG/center_2026_08_01_18_05_43_689.jpg,0.1444196,0.1363607794046402,-0.008058820595359811,0.008058820595359811,Small turn
9089,IMG/center_2026_08_01_18_05_43_904.jpg,0.1444196,0.11620641499757767,-0.028213185002422342,0.028213185002422342,Small turn
9090,IMG/center_2026_08_01_18_05_43_976.jpg,0.1444196,0.10900486260652542,-0.03541473739347459,0.03541473739347459,Small turn
9099,IMG/center_2026_08_01_18_05_44_603.jpg,0.1592156,0.16360478103160858,0.004389181031608569,0.004389181031608569,Small turn
9108,IMG/center_2026_08_01_18_05_45_229.jpg,0.1767857,0.14050613343715668,-0.03627956656284331,0.03627956656284331,Small turn
9110,IMG/center_2026_08_01_18_05_45_369.jpg,0.1851084,0.2190886288881302,0.03398022888813018,0.03398022888813018,Small turn
9116,IMG/center_2026_08_01_18_05_45_790.jpg,0.1925064,0.30725663900375366,0.11475023900375367,0.11475023900375367,Small turn
9119,IMG/center_2026_08_01_18_05_45_997.jpg,0.2461416,0.20992441475391388,-0.03621718524608611,0.03621718524608611,Medium turn
9122,IMG/center_2026_08_01_18_05_46_206.jpg,0.3164222,0.17066983878612518,-0.1457523612138748,0.1457523612138748,Medium turn
9128,IMG/center_2026_08_01_18_05_46_626.jpg,0.0,0.10143250972032547,0.10143250972032547,0.10143250972032547,Near straight
9132,IMG/center_2026_08_01_18_05_46_907.jpg,0.1128667,0.1136896088719368,0.0008229088719367977,0.0008229088719367977,Small turn
9137,IMG/center_2026_08_01_18_05_47_257.jpg,0.1184152,0.055805008858442307,-0.06261019114155769,0.06261019114155769,Small turn
9139,IMG/center_2026_08_01_18_05_47_393.jpg,0.0,0.024105677381157875,0.024105677381157875,0.024105677381157875,Near straight
9147,IMG/center_2026_08_01_18_05_47_967.jpg,0.1378667,0.0310369823127985,-0.10682971768720151,0.10682971768720151,Small turn
9166,IMG/center_2026_08_01_18_05_49_306.jpg,0.0,-0.00554405665025115,-0.00554405665025115,0.00554405665025115,Near straight
9181,IMG/center_2026_08_01_18_05_50_369.jpg,0.009247449,0.04505426809191704,0.03580681909191704,0.03580681909191704,Near straight
9189,IMG/center_2026_08_01_18_05_50_935.jpg,0.06658163,0.04152364656329155,-0.025057983436708453,0.025057983436708453,Small turn
9192,IMG/center_2026_08_01_18_05_51_140.jpg,0.0,0.02612210251390934,0.02612210251390934,0.02612210251390934,Near straight
9224,IMG/center_2026_08_01_18_05_53_367.jpg,0.05455995,0.034012746065855026,-0.020547203934144977,0.020547203934144977,Small turn
9274,IMG/center_2026_08_01_18_05_56_920.jpg,0.0,0.03896148130297661,0.03896148130297661,0.03896148130297661,Near straight
9292,IMG/center_2026_08_01_18_05_58_170.jpg,0.0,-0.03840254619717598,-0.03840254619717598,0.03840254619717598,Near straight
9300,IMG/center_2026_08_01_18_05_58_726.jpg,0.03236607,0.016079047694802284,-0.016287022305197713,0.016287022305197713,Near straight
9309,IMG/center_2026_08_01_18_05_59_349.jpg,0.08322705,-0.007554998155683279,-0.09078204815568328,0.09078204815568328,Small turn
9334,IMG/center_2026_08_01_18_06_01_114.jpg,0.0,0.03823031112551689,0.03823031112551689,0.03823031112551689,Near straight
9339,IMG/center_2026_08_01_18_06_01_469.jpg,0.03888712,0.040816884487867355,0.001929764487867358,0.001929764487867358,Near straight
9343,IMG/center_2026_08_01_18_06_01_753.jpg,0.0,0.029873916879296303,0.029873916879296303,0.029873916879296303,Near straight
9359,IMG/center_2026_08_01_18_06_02_883.jpg,0.0,0.017141828313469887,0.017141828313469887,0.017141828313469887,Near straight
9361,IMG/center_2026_08_01_18_06_03_026.jpg,0.002774235,0.039879124611616135,0.037104889611616135,0.037104889611616135,Near straight
9365,IMG/center_2026_08_01_18_06_03_310.jpg,0.04901148,0.047374796122312546,-0.0016366838776874573,0.0016366838776874573,Near straight
9370,IMG/center_2026_08_01_18_06_03_659.jpg,0.08415178,0.07839439064264297,-0.005757389357357021,0.005757389357357021,Small turn
9378,IMG/center_2026_08_01_18_06_04_219.jpg,0.05455995,0.11013198643922806,0.055572036439228055,0.055572036439228055,Small turn
9380,IMG/center_2026_08_01_18_06_04_358.jpg,0.06843112,0.11247486621141434,0.04404374621141434,0.04404374621141434,Small turn
9390,IMG/center_2026_08_01_18_06_05_081.jpg,0.02034439,0.09039057046175003,0.07004618046175003,0.07004618046175003,Near straight
9402,IMG/center_2026_08_01_18_06_05_923.jpg,0.0,0.034344565123319626,0.034344565123319626,0.034344565123319626,Near straight
9423,IMG/center_2026_08_01_18_06_07_408.jpg,0.03421556,0.0730372741818428,0.038821714181842805,0.038821714181842805,Near straight
9430,IMG/center_2026_08_01_18_06_07_913.jpg,0.1202168,0.08278170973062515,-0.037435090269374846,0.037435090269374846,Small turn
9439,IMG/center_2026_08_01_18_06_08_546.jpg,0.122146,0.14602352678775787,0.02387752678775787,0.02387752678775787,Small turn
9441,IMG/center_2026_08_01_18_06_08_684.jpg,0.1545121,0.13106293976306915,-0.02344916023693086,0.02344916023693086,Small turn
9446,IMG/center_2026_08_01_18_06_09_032.jpg,0.2053731,0.07230807095766068,-0.13306502904233933,0.13306502904233933,Medium turn
9451,IMG/center_2026_08_01_18_06_09_374.jpg,0.21647,0.11258388310670853,-0.10388611689329147,0.10388611689329147,Medium turn
9456,IMG/center_2026_08_01_18_06_09_725.jpg,0.01572066,0.09704602509737015,0.08132536509737015,0.08132536509737015,Near straight
9461,IMG/center_2026_08_01_18_06_10_075.jpg,0.08415178,0.09537477046251297,0.011222990462512974,0.011222990462512974,Small turn
9466,IMG/center_2026_08_01_18_06_10_424.jpg,0.1091199,0.07940459996461868,-0.029715300035381323,0.029715300035381323,Small turn
9467,IMG/center_2026_08_01_18_06_10_490.jpg,0.1091199,0.06605023890733719,-0.04306966109266282,0.04306966109266282,Small turn
9472,IMG/center_2026_08_01_18_06_10_847.jpg,0.1091199,0.08919370919466019,-0.01992619080533982,0.01992619080533982,Small turn
9474,IMG/center_2026_08_01_18_06_10_989.jpg,0.0,0.06530112773180008,0.06530112773180008,0.06530112773180008,Near straight
9482,IMG/center_2026_08_01_18_06_11_571.jpg,0.144324,0.11053640395402908,-0.033787596045970925,0.033787596045970925,Small turn
9486,IMG/center_2026_08_01_18_06_11_850.jpg,0.1535714,0.0892525389790535,-0.0643188610209465,0.0643188610209465,Small turn
9496,IMG/center_2026_08_01_18_06_12_567.jpg,0.0,0.04682279750704765,0.04682279750704765,0.04682279750704765,Near straight
9499,IMG/center_2026_08_01_18_06_12_781.jpg,0.01202169,0.02833939529955387,0.01631770529955387,0.01631770529955387,Near straight
9501,IMG/center_2026_08_01_18_06_12_924.jpg,0.0268176,0.028465161100029945,0.001647561100029945,0.001647561100029945,Near straight
9506,IMG/center_2026_08_01_18_06_13_270.jpg,0.0369898,0.07046536356210709,0.03347556356210708,0.03347556356210708,Near straight
9509,IMG/center_2026_08_01_18_06_13_481.jpg,0.05455995,0.055771153420209885,0.0012112034202098818,0.0012112034202098818,Small turn
9518,IMG/center_2026_08_01_18_06_14_120.jpg,0.08322705,0.015236984007060528,-0.06799006599293947,0.06799006599293947,Small turn
9519,IMG/center_2026_08_01_18_06_14_188.jpg,0.08322705,0.01097471546381712,-0.07225233453618288,0.07225233453618288,Small turn
9528,IMG/center_2026_08_01_18_06_14_829.jpg,0.04438775,0.04416311904788017,-0.00022463095211982392,0.00022463095211982392,Near straight
9534,IMG/center_2026_08_01_18_06_15_251.jpg,0.0,0.04482222720980644,0.04482222720980644,0.04482222720980644,Near straight
9546,IMG/center_2026_08_01_18_06_16_100.jpg,0.09897958,0.03931279107928276,-0.05966678892071724,0.05966678892071724,Small turn
9548,IMG/center_2026_08_01_18_06_16_236.jpg,0.09897958,0.02795369364321232,-0.07102588635678768,0.07102588635678768,Small turn
9559,IMG/center_2026_08_01_18_06_17_017.jpg,0.04808674,0.020666608586907387,-0.027420131413092616,0.027420131413092616,Near straight
9574,IMG/center_2026_08_01_18_06_18_070.jpg,0.06750638,0.025996575132012367,-0.04150980486798764,0.04150980486798764,Small turn
9593,IMG/center_2026_08_01_18_06_19_422.jpg,0.02219388,0.012284050695598125,-0.009909829304401874,0.009909829304401874,Near straight
9595,IMG/center_2026_08_01_18_06_19_560.jpg,0.04438775,0.005553136114031076,-0.03883461388596892,0.03883461388596892,Near straight
9612,IMG/center_2026_08_01_18_06_20_760.jpg,0.03514031,0.036732982844114304,0.0015926728441143026,0.0015926728441143026,Near straight
9634,IMG/center_2026_08_01_18_06_22_291.jpg,0.04438775,0.05512375757098198,0.010736007570981983,0.010736007570981983,Near straight
9635,IMG/center_2026_08_01_18_06_22_360.jpg,0.04901148,0.03579909726977348,-0.01321238273022652,0.01321238273022652,Near straight
9657,IMG/center_2026_08_01_18_06_23_905.jpg,0.04993622,0.04627532884478569,-0.003660891155214313,0.003660891155214313,Near straight
9658,IMG/center_2026_08_01_18_06_23_977.jpg,0.04993622,0.03897685930132866,-0.010959360698671344,0.010959360698671344,Near straight
9677,IMG/center_2026_08_01_18_06_25_327.jpg,0.00184949,0.015851030126214027,0.014001540126214027,0.014001540126214027,Near straight
9738,IMG/center_2026_08_01_18_06_29_660.jpg,0.03236607,0.025603005662560463,-0.006763064337439534,0.006763064337439534,Near straight
9739,IMG/center_2026_08_01_18_06_29_731.jpg,0.04253827,0.023897061124444008,-0.018641208875555995,0.018641208875555995,Near straight
9766,IMG/center_2026_08_01_18_06_31_631.jpg,0.03512436,0.06749749928712845,0.03237313928712845,0.03237313928712845,Near straight
9775,IMG/center_2026_08_01_18_06_32_264.jpg,0.05825893,0.03712160512804985,-0.02113732487195015,0.02113732487195015,Small turn
9779,IMG/center_2026_08_01_18_06_32_535.jpg,0.05918367,0.02706439234316349,-0.03211927765683651,0.03211927765683651,Small turn
9782,IMG/center_2026_08_01_18_06_32_741.jpg,0.0,0.02239156700670719,0.02239156700670719,0.02239156700670719,Near straight
9791,IMG/center_2026_08_01_18_06_33_380.jpg,0.0,0.02002931572496891,0.02002931572496891,0.02002931572496891,Near straight
9822,IMG/center_2026_08_01_18_06_35_558.jpg,0.002774235,0.02529061771929264,0.02251638271929264,0.02251638271929264,Near straight
9823,IMG/center_2026_08_01_18_06_35_630.jpg,0.01479592,0.010115454904735088,-0.004680465095264912,0.004680465095264912,Near straight
9826,IMG/center_2026_08_01_18_06_35_841.jpg,0.04346301,0.009981106035411358,-0.033481903964588645,0.033481903964588645,Near straight
9848,IMG/center_2026_08_01_18_06_37_418.jpg,0.04068878,0.04677153751254082,0.0060827575125408165,0.0060827575125408165,Near straight
9858,IMG/center_2026_08_01_18_06_38_122.jpg,0.06935587,0.05263335630297661,-0.016722513697023392,0.016722513697023392,Small turn
9859,IMG/center_2026_08_01_18_06_38_191.jpg,0.07028061,0.05464882776141167,-0.015631782238588326,0.015631782238588326,Small turn
9871,IMG/center_2026_08_01_18_06_39_042.jpg,0.04068878,0.05049337074160576,0.009804590741605758,0.009804590741605758,Near straight
9876,IMG/center_2026_08_01_18_06_39_391.jpg,0.0536352,0.05004621669650078,-0.0035889833034992227,0.0035889833034992227,Small turn
9882,IMG/center_2026_08_01_18_06_39_817.jpg,0.05455995,0.07173282653093338,0.017172876530933377,0.017172876530933377,Small turn
9883,IMG/center_2026_08_01_18_06_39_891.jpg,0.05455995,0.06205714866518974,0.00749719866518974,0.00749719866518974,Small turn
9893,IMG/center_2026_08_01_18_06_40_597.jpg,0.0,0.034340571612119675,0.034340571612119675,0.034340571612119675,Near straight
9898,IMG/center_2026_08_01_18_06_40_958.jpg,0.009247449,0.055939625948667526,0.04669217694866753,0.04669217694866753,Near straight
9901,IMG/center_2026_08_01_18_06_41_174.jpg,0.05918367,0.014328311197459698,-0.0448553588025403,0.0448553588025403,Small turn
9902,IMG/center_2026_08_01_18_06_41_242.jpg,0.06195791,0.010932217352092266,-0.05102569264790773,0.05102569264790773,Small turn
9908,IMG/center_2026_08_01_18_06_41_669.jpg,0.06288265,0.049466025084257126,-0.013416624915742872,0.013416624915742872,Small turn
9911,IMG/center_2026_08_01_18_06_41_881.jpg,0.06288265,0.04893822595477104,-0.013944424045228956,0.013944424045228956,Small turn
9915,IMG/center_2026_08_01_18_06_42_161.jpg,0.06288265,0.07060457020998001,0.007721920209980013,0.007721920209980013,Small turn
9926,IMG/center_2026_08_01_18_06_42_933.jpg,0.06288265,0.06413114815950394,0.0012484981595039385,0.0012484981595039385,Small turn
9930,IMG/center_2026_08_01_18_06_43_207.jpg,0.06288265,0.054411064833402634,-0.008471585166597365,0.008471585166597365,Small turn
9932,IMG/center_2026_08_01_18_06_43_347.jpg,0.06288265,0.04131729528307915,-0.02156535471692085,0.02156535471692085,Small turn
9949,IMG/center_2026_08_01_18_06_44_530.jpg,0.06288265,0.06362361460924149,0.0007409646092414873,0.0007409646092414873,Small turn
9952,IMG/center_2026_08_01_18_06_44_741.jpg,0.06288265,0.05549563094973564,-0.007387019050264357,0.007387019050264357,Small turn
9958,IMG/center_2026_08_01_18_06_45_164.jpg,0.06288265,0.0682154968380928,0.005332846838092806,0.005332846838092806,Small turn
9974,IMG/center_2026_08_01_18_06_46_284.jpg,0.06288265,0.06688696891069412,0.004004318910694124,0.004004318910694124,Small turn
9976,IMG/center_2026_08_01_18_06_46_427.jpg,0.06288265,0.06588513404130936,0.0030024840413093584,0.0030024840413093584,Small turn
9990,IMG/center_2026_08_01_18_06_47_408.jpg,0.07120536,0.12054628878831863,0.04934092878831864,0.04934092878831864,Small turn
9994,IMG/center_2026_08_01_18_06_47_697.jpg,0.07120536,0.12848402559757233,0.05727866559757233,0.05727866559757233,Small turn
10000,IMG/center_2026_08_01_18_06_48_121.jpg,0.09339924,0.1696666032075882,0.0762673632075882,0.0762673632075882,Small turn
10006,IMG/center_2026_08_01_18_06_48_551.jpg,0.1054209,0.17193008959293365,0.06650918959293366,0.06650918959293366,Small turn
10010,IMG/center_2026_08_01_18_06_48_826.jpg,0.1229911,0.16489450633525848,0.04190340633525848,0.04190340633525848,Small turn
10013,IMG/center_2026_08_01_18_06_49_035.jpg,0.2127392,0.19049040973186493,-0.02224879026813506,0.02224879026813506,Medium turn
10014,IMG/center_2026_08_01_18_06_49_108.jpg,0.2488202,0.19306595623493195,-0.055754243765068046,0.055754243765068046,Medium turn
10019,IMG/center_2026_08_01_18_06_49_467.jpg,0.2802615,0.16957010328769684,-0.11069139671230316,0.11069139671230316,Medium turn
10020,IMG/center_2026_08_01_18_06_49_537.jpg,0.2802615,0.14385999739170074,-0.13640150260829925,0.13640150260829925,Medium turn
10028,IMG/center_2026_08_01_18_06_50_132.jpg,0.09904337,0.17774976789951324,0.07870639789951324,0.07870639789951324,Small turn
10030,IMG/center_2026_08_01_18_06_50_281.jpg,0.1378826,0.1941756159067154,0.0562930159067154,0.0562930159067154,Small turn
10032,IMG/center_2026_08_01_18_06_50_430.jpg,0.1961575,0.18707694113254547,-0.009080558867454541,0.009080558867454541,Small turn
10045,IMG/center_2026_08_01_18_06_51_372.jpg,0.2433195,0.14276327192783356,-0.10055622807216644,0.10055622807216644,Medium turn
10048,IMG/center_2026_08_01_18_06_51_588.jpg,0.2433195,0.029834220185875893,-0.2134852798141241,0.2134852798141241,Medium turn
10059,IMG/center_2026_08_01_18_06_52_384.jpg,0.01017219,0.0358755998313427,0.0257034098313427,0.0257034098313427,Near straight
10066,IMG/center_2026_08_01_18_06_52_867.jpg,0.1183673,0.08942539244890213,-0.028941907551097865,0.028941907551097865,Small turn
10079,IMG/center_2026_08_01_18_06_53_784.jpg,0.01294643,0.06314266473054886,0.05019623473054886,0.05019623473054886,Near straight
10084,IMG/center_2026_08_01_18_06_54_125.jpg,0.04068878,0.04881621524691582,0.008127435246915816,0.008127435246915816,Near straight
10092,IMG/center_2026_08_01_18_06_54_704.jpg,0.0638074,0.02202589251101017,-0.04178150748898983,0.04178150748898983,Small turn
10093,IMG/center_2026_08_01_18_06_54_775.jpg,0.0,0.021845826879143715,0.021845826879143715,0.021845826879143715,Near straight
10102,IMG/center_2026_08_01_18_06_55_416.jpg,-0.01975446,-0.010583569295704365,0.009170890704295637,0.009170890704295637,Near straight
10103,IMG/center_2026_08_01_18_06_55_487.jpg,-0.02351722,-0.005861212965101004,0.017656007034898995,0.017656007034898995,Near straight
10107,IMG/center_2026_08_01_18_06_55_764.jpg,0.0,0.01817060448229313,0.01817060448229313,0.01817060448229313,Near straight
10146,IMG/center_2026_08_01_18_06_58_525.jpg,-0.08466199,-0.11796323210000992,-0.03330124210000991,0.03330124210000991,Small turn
10147,IMG/center_2026_08_01_18_06_58_592.jpg,-0.08936544,-0.11258236318826675,-0.02321692318826675,0.02321692318826675,Small turn
10151,IMG/center_2026_08_01_18_06_58_876.jpg,-0.1241709,-0.10202043503522873,0.02215046496477127,0.02215046496477127,Small turn
10155,IMG/center_2026_08_01_18_06_59_159.jpg,-0.1354592,-0.1385778784751892,-0.003118678475189207,0.003118678475189207,Small turn
10156,IMG/center_2026_08_01_18_06_59_230.jpg,-0.1363999,-0.12671245634555817,0.009687443654441824,0.009687443654441824,Small turn
10158,IMG/center_2026_08_01_18_06_59_369.jpg,-0.1363999,-0.14005610346794128,-0.0036562034679412936,0.0036562034679412936,Small turn
10166,IMG/center_2026_08_01_18_06_59_937.jpg,-0.1495695,-0.16939471662044525,-0.019825216620445257,0.019825216620445257,Small turn
10168,IMG/center_2026_08_01_18_07_00_079.jpg,-0.2426977,-0.21509206295013428,0.02760563704986571,0.02760563704986571,Medium turn
10175,IMG/center_2026_08_01_18_07_00_573.jpg,-0.3330038,-0.27857640385627747,0.05442739614372255,0.05442739614372255,Medium turn
10177,IMG/center_2026_08_01_18_07_00_720.jpg,-0.3330038,-0.26236599683761597,0.07063780316238405,0.07063780316238405,Medium turn
10180,IMG/center_2026_08_01_18_07_00_926.jpg,-0.3546396,-0.2056889683008194,0.1489506316991806,0.1489506316991806,Medium turn
10181,IMG/center_2026_08_01_18_07_00_993.jpg,-0.3546396,-0.20868836343288422,0.14595123656711578,0.14595123656711578,Medium turn
10184,IMG/center_2026_08_01_18_07_01_205.jpg,-0.3546396,-0.14472085237503052,0.20991874762496948,0.20991874762496948,Medium turn
10186,IMG/center_2026_08_01_18_07_01_350.jpg,-0.3546396,-0.1605251580476761,0.1941144419523239,0.1941144419523239,Medium turn
10223,IMG/center_2026_08_01_18_07_04_021.jpg,-0.06208546,-0.053868044167757034,0.008217415832242968,0.008217415832242968,Small turn
10227,IMG/center_2026_08_01_18_07_04_314.jpg,-0.06208546,-0.02236216329038143,0.03972329670961857,0.03972329670961857,Small turn
10228,IMG/center_2026_08_01_18_07_04_381.jpg,-0.06208546,-0.026660671457648277,0.035424788542351725,0.035424788542351725,Small turn
10243,IMG/center_2026_08_01_18_07_05_490.jpg,0.0,-0.026836028322577477,-0.026836028322577477,0.026836028322577477,Near straight
10256,IMG/center_2026_08_01_18_07_06_428.jpg,0.06843112,0.0690615251660347,0.0006304051660347004,0.0006304051660347004,Small turn
10268,IMG/center_2026_08_01_18_07_07_284.jpg,0.1396365,0.10104478150606155,-0.03859171849393844,0.03859171849393844,Small turn
10270,IMG/center_2026_08_01_18_07_07_425.jpg,0.1442602,0.09272295981645584,-0.051537240183544164,0.051537240183544164,Small turn
10284,IMG/center_2026_08_01_18_07_08_420.jpg,0.1137914,0.0852428749203682,-0.028548525079631806,0.028548525079631806,Small turn
10285,IMG/center_2026_08_01_18_07_08_490.jpg,0.1211894,0.10770893841981888,-0.013480461580181125,0.013480461580181125,Small turn
10290,IMG/center_2026_08_01_18_07_08_837.jpg,0.1618782,0.08417186886072159,-0.07770633113927841,0.07770633113927841,Small turn
10291,IMG/center_2026_08_01_18_07_08_907.jpg,0.1674267,0.07197273522615433,-0.09545396477384568,0.09545396477384568,Small turn
10293,IMG/center_2026_08_01_18_07_09_051.jpg,0.1683514,0.040153633803129196,-0.12819776619687082,0.12819776619687082,Small turn
10295,IMG/center_2026_08_01_18_07_09_190.jpg,0.0,0.05004359409213066,0.05004359409213066,0.05004359409213066,Near straight
10298,IMG/center_2026_08_01_18_07_09_402.jpg,0.06103316,0.1376904398202896,0.07665727982028961,0.07665727982028961,Small turn
10300,IMG/center_2026_08_01_18_07_09_546.jpg,0.2303093,0.12368763238191605,-0.10662166761808395,0.10662166761808395,Medium turn
10302,IMG/center_2026_08_01_18_07_09_690.jpg,0.24603,0.16241122782230377,-0.08361877217769623,0.08361877217769623,Medium turn
10311,IMG/center_2026_08_01_18_07_10_323.jpg,0.05076531,0.17879875004291534,0.12803344004291534,0.12803344004291534,Small turn
10319,IMG/center_2026_08_01_18_07_10_891.jpg,0.3952965,0.261141300201416,-0.13415519979858398,0.13415519979858398,Medium turn
10328,IMG/center_2026_08_01_18_07_11_538.jpg,0.06943559,0.19756005704402924,0.12812446704402924,0.12812446704402924,Small turn
10329,IMG/center_2026_08_01_18_07_11_610.jpg,0.1509566,0.1716800481081009,0.020723448108100895,0.020723448108100895,Small turn
10336,IMG/center_2026_08_01_18_07_12_111.jpg,0.2822863,0.15191592276096344,-0.13037037723903655,0.13037037723903655,Medium turn
10354,IMG/center_2026_08_01_18_07_13_373.jpg,0.06457271,0.019817093387246132,-0.044755616612753873,0.044755616612753873,Small turn
10356,IMG/center_2026_08_01_18_07_13_520.jpg,0.1460459,0.023312577977776527,-0.12273332202222348,0.12273332202222348,Small turn
10364,IMG/center_2026_08_01_18_07_14_075.jpg,0.05087691,0.017339536920189857,-0.03353737307981014,0.03353737307981014,Small turn
10366,IMG/center_2026_08_01_18_07_14_209.jpg,0.07307079,0.032474737614393234,-0.04059605238560676,0.04059605238560676,Small turn
10382,IMG/center_2026_08_01_18_07_15_333.jpg,0.03514031,0.03352675959467888,-0.0016135504053211222,0.0016135504053211222,Near straight
10383,IMG/center_2026_08_01_18_07_15_403.jpg,0.03514031,0.030117372050881386,-0.005022937949118615,0.005022937949118615,Near straight
10395,IMG/center_2026_08_01_18_07_16_240.jpg,0.02959184,0.04811210557818413,0.018520265578184127,0.018520265578184127,Near straight
10397,IMG/center_2026_08_01_18_07_16_380.jpg,0.03329081,0.041896235197782516,0.00860542519778252,0.00860542519778252,Near straight
10405,IMG/center_2026_08_01_18_07_16_942.jpg,0.03421556,0.035449814051389694,0.0012342540513896952,0.0012342540513896952,Near straight
10413,IMG/center_2026_08_01_18_07_17_493.jpg,0.004623725,0.05100918933749199,0.04638546433749199,0.04638546433749199,Near straight
10416,IMG/center_2026_08_01_18_07_17_707.jpg,0.03514031,0.030262837186455727,-0.004877472813544274,0.004877472813544274,Near straight
10457,IMG/center_2026_08_01_18_07_20_580.jpg,0.0,0.051409315317869186,0.051409315317869186,0.051409315317869186,Near straight
10499,IMG/center_2026_08_01_18_07_23_518.jpg,0.0,-0.022433629259467125,-0.022433629259467125,0.022433629259467125,Near straight
10509,IMG/center_2026_08_01_18_07_24_224.jpg,0.03976403,0.03844578191637993,-0.0013182480836200702,0.0013182480836200702,Near straight
10517,IMG/center_2026_08_01_18_07_24_784.jpg,0.08692602,0.0036865570582449436,-0.08323946294175506,0.08323946294175506,Small turn
10518,IMG/center_2026_08_01_18_07_24_857.jpg,0.08692602,0.017848381772637367,-0.06907763822736264,0.06907763822736264,Small turn
10522,IMG/center_2026_08_01_18_07_25_137.jpg,0.0,0.0021367170847952366,0.0021367170847952366,0.0021367170847952366,Near straight
10528,IMG/center_2026_08_01_18_07_25_552.jpg,0.0,0.00881249736994505,0.00881249736994505,0.00881249736994505,Near straight
10532,IMG/center_2026_08_01_18_07_25_830.jpg,0.0,0.004961977247148752,0.004961977247148752,0.004961977247148752,Near straight
10538,IMG/center_2026_08_01_18_07_26_251.jpg,0.03421556,0.02672637440264225,-0.007489185597357749,0.007489185597357749,Near straight
10554,IMG/center_2026_08_01_18_07_27_381.jpg,0.03421556,0.049514662474393845,0.015299102474393846,0.015299102474393846,Near straight
10578,IMG/center_2026_08_01_18_07_29_050.jpg,0.06843112,0.05440868064761162,-0.01402243935238838,0.01402243935238838,Small turn
10580,IMG/center_2026_08_01_18_07_29_187.jpg,0.08322705,0.09598571807146072,0.012758668071460727,0.012758668071460727,Small turn
10589,IMG/center_2026_08_01_18_07_29_830.jpg,0.0,0.037943433970212936,0.037943433970212936,0.037943433970212936,Near straight
10591,IMG/center_2026_08_01_18_07_29_970.jpg,0.0,0.03267691656947136,0.03267691656947136,0.03267691656947136,Near straight
10608,IMG/center_2026_08_01_18_07_31_160.jpg,0.07397959,0.06656882911920547,-0.007410760880794523,0.007410760880794523,Small turn
10609,IMG/center_2026_08_01_18_07_31_231.jpg,0.08322705,0.06774494796991348,-0.015482102030086514,0.015482102030086514,Small turn
10616,IMG/center_2026_08_01_18_07_31_720.jpg,0.1248406,0.05528010055422783,-0.06956049944577217,0.06956049944577217,Small turn
10618,IMG/center_2026_08_01_18_07_31_859.jpg,0.1331633,0.059344302862882614,-0.0738189971371174,0.0738189971371174,Small turn
10622,IMG/center_2026_08_01_18_07_32_138.jpg,0.141486,0.03784985467791557,-0.10363614532208443,0.10363614532208443,Small turn
10625,IMG/center_2026_08_01_18_07_32_351.jpg,0.1424107,0.06060607358813286,-0.08180462641186714,0.08180462641186714,Small turn
10626,IMG/center_2026_08_01_18_07_32_420.jpg,0.1424107,0.040079664438962936,-0.10233103556103706,0.10233103556103706,Small turn
10644,IMG/center_2026_08_01_18_07_33_688.jpg,0.1183833,0.11496705561876297,-0.003416244381237027,0.003416244381237027,Small turn
10647,IMG/center_2026_08_01_18_07_33_905.jpg,0.1710937,0.16124369204044342,-0.009850007959556567,0.009850007959556567,Small turn
10649,IMG/center_2026_08_01_18_07_34_048.jpg,0.177567,0.12817879021167755,-0.04938820978832245,0.04938820978832245,Small turn
10650,IMG/center_2026_08_01_18_07_34_115.jpg,0.181266,0.10387331992387772,-0.0773926800761223,0.0773926800761223,Small turn
10651,IMG/center_2026_08_01_18_07_34_188.jpg,0.181266,0.11652515083551407,-0.06474084916448594,0.06474084916448594,Small turn
10652,IMG/center_2026_08_01_18_07_34_258.jpg,0.181266,0.09002507477998734,-0.09124092522001268,0.09124092522001268,Small turn
10657,IMG/center_2026_08_01_18_07_34_611.jpg,0.0,0.08545107394456863,0.08545107394456863,0.08545107394456863,Near straight
10660,IMG/center_2026_08_01_18_07_34_822.jpg,0.0009247449,0.09154481440782547,0.09062006950782547,0.09062006950782547,Near straight
10661,IMG/center_2026_08_01_18_07_34_895.jpg,0.00369898,0.09101781994104385,0.08731883994104385,0.08731883994104385,Near straight
10681,IMG/center_2026_08_01_18_07_36_314.jpg,0.130389,0.07301098853349686,-0.05737801146650315,0.05737801146650315,Small turn
10684,IMG/center_2026_08_01_18_07_36_530.jpg,0.1720026,0.11014760285615921,-0.061854997143840795,0.061854997143840795,Small turn
10685,IMG/center_2026_08_01_18_07_36_597.jpg,0.1720026,0.12695540487766266,-0.04504719512233735,0.04504719512233735,Small turn
10686,IMG/center_2026_08_01_18_07_36_668.jpg,0.1720026,0.12378443032503128,-0.048218169674968725,0.048218169674968725,Small turn
10689,IMG/center_2026_08_01_18_07_36_881.jpg,0.1720026,0.09551537781953812,-0.07648722218046189,0.07648722218046189,Small turn
10691,IMG/center_2026_08_01_18_07_37_025.jpg,0.1720026,0.06698796898126602,-0.10501463101873398,0.10501463101873398,Small turn
10695,IMG/center_2026_08_01_18_07_37_314.jpg,0.0,0.020251641049981117,0.020251641049981117,0.020251641049981117,Near straight
10696,IMG/center_2026_08_01_18_07_37_390.jpg,0.0,0.023504773154854774,0.023504773154854774,0.023504773154854774,Near straight
10720,IMG/center_2026_08_01_18_07_39_128.jpg,0.06473214,0.03215755149722099,-0.032574588502779,0.032574588502779,Small turn
10721,IMG/center_2026_08_01_18_07_39_197.jpg,0.06473214,0.04906148836016655,-0.015670651639833444,0.015670651639833444,Small turn
10724,IMG/center_2026_08_01_18_07_39_409.jpg,0.06473214,0.06738639622926712,0.002654256229267127,0.002654256229267127,Small turn
10725,IMG/center_2026_08_01_18_07_39_482.jpg,0.06473214,0.031057247892022133,-0.03367489210797786,0.03367489210797786,Small turn
10735,IMG/center_2026_08_01_18_07_40_184.jpg,0.1119101,0.07308275252580643,-0.03882734747419357,0.03882734747419357,Small turn
10737,IMG/center_2026_08_01_18_07_40_325.jpg,0.1119101,0.07192379981279373,-0.03998630018720627,0.03998630018720627,Small turn
10740,IMG/center_2026_08_01_18_07_40_532.jpg,0.1119101,0.034122955054044724,-0.07778714494595527,0.07778714494595527,Small turn
10747,IMG/center_2026_08_01_18_07_41_027.jpg,0.03514031,0.03619487211108208,0.001054562111082076,0.001054562111082076,Near straight
10750,IMG/center_2026_08_01_18_07_41_235.jpg,0.04993622,0.04248858615756035,-0.007447633842439655,0.007447633842439655,Near straight
10755,IMG/center_2026_08_01_18_07_41_582.jpg,0.05918367,0.023816892877221107,-0.03536677712277889,0.03536677712277889,Small turn
10757,IMG/center_2026_08_01_18_07_41_721.jpg,0.05918367,0.01564748026430607,-0.04353618973569393,0.04353618973569393,Small turn
10758,IMG/center_2026_08_01_18_07_41_788.jpg,0.05918367,0.015255759470164776,-0.043927910529835225,0.043927910529835225,Small turn
10759,IMG/center_2026_08_01_18_07_41_858.jpg,0.05918367,0.00616485858336091,-0.05301881141663909,0.05301881141663909,Small turn
10768,IMG/center_2026_08_01_18_07_42_502.jpg,0.0184949,0.022582421079277992,0.004087521079277991,0.004087521079277991,Near straight
10769,IMG/center_2026_08_01_18_07_42_574.jpg,0.02496811,0.016449401155114174,-0.008518708844885828,0.008518708844885828,Near straight
10791,IMG/center_2026_08_01_18_07_44_105.jpg,0.03329081,0.01958913542330265,-0.013701674576697347,0.013701674576697347,Near straight
10792,IMG/center_2026_08_01_18_07_44_172.jpg,0.03329081,0.025527844205498695,-0.007762965794501302,0.007762965794501302,Near straight
10794,IMG/center_2026_08_01_18_07_44_314.jpg,0.03329081,0.009001563303172588,-0.02428924669682741,0.02428924669682741,Near straight
10804,IMG/center_2026_08_01_18_07_45_016.jpg,0.03329081,0.002735684160143137,-0.03055512583985686,0.03055512583985686,Near straight
10807,IMG/center_2026_08_01_18_07_45_226.jpg,0.03329081,-0.009961952455341816,-0.04325276245534181,0.04325276245534181,Near straight
10816,IMG/center_2026_08_01_18_07_45_867.jpg,0.03329081,-0.0008721252670511603,-0.03416293526705116,0.03416293526705116,Near straight
10817,IMG/center_2026_08_01_18_07_45_937.jpg,0.03329081,0.0009755591163411736,-0.03231525088365882,0.03231525088365882,Near straight
10818,IMG/center_2026_08_01_18_07_46_007.jpg,0.03329081,-0.007060696836560965,-0.04035150683656096,0.04035150683656096,Near straight
10844,IMG/center_2026_08_01_18_07_47_847.jpg,0.0,0.026591012254357338,0.026591012254357338,0.026591012254357338,Near straight
10863,IMG/center_2026_08_01_18_07_49_177.jpg,0.06103316,0.031349968165159225,-0.029683191834840778,0.029683191834840778,Small turn
10868,IMG/center_2026_08_01_18_07_49_531.jpg,0.01294643,0.0024294950999319553,-0.010516934900068045,0.010516934900068045,Near straight
10883,IMG/center_2026_08_01_18_07_50_576.jpg,0.01941964,-0.003991772886365652,-0.02341141288636565,0.02341141288636565,Near straight
10912,IMG/center_2026_08_01_18_07_52_618.jpg,0.02866709,0.007619867566972971,-0.02104722243302703,0.02104722243302703,Near straight
10937,IMG/center_2026_08_01_18_07_54_384.jpg,0.005548469,0.0295951459556818,0.0240466769556818,0.0240466769556818,Near straight
10944,IMG/center_2026_08_01_18_07_54_881.jpg,0.005548469,0.04543454572558403,0.03988607672558403,0.03988607672558403,Near straight
10949,IMG/center_2026_08_01_18_07_55_237.jpg,0.03329081,0.054544758051633835,0.021253948051633838,0.021253948051633838,Near straight
10950,IMG/center_2026_08_01_18_07_55_310.jpg,0.03514031,0.046214234083890915,0.011073924083890914,0.011073924083890914,Near straight
10955,IMG/center_2026_08_01_18_07_55_665.jpg,0.04623725,0.07819671183824539,0.03195946183824539,0.03195946183824539,Near straight
10959,IMG/center_2026_08_01_18_07_55_935.jpg,0.06935587,0.06191791221499443,-0.0074379577850055695,0.0074379577850055695,Small turn
10978,IMG/center_2026_08_01_18_07_57_303.jpg,0.0009247449,0.00315345311537385,0.00222870821537385,0.00222870821537385,Near straight
11004,IMG/center_2026_08_01_18_07_59_160.jpg,0.02219388,0.01828748919069767,-0.003906390809302329,0.003906390809302329,Near straight
11006,IMG/center_2026_08_01_18_07_59_305.jpg,0.03421556,0.02445114590227604,-0.00976441409772396,0.00976441409772396,Near straight
11013,IMG/center_2026_08_01_18_07_59_792.jpg,0.04161352,0.016620943322777748,-0.024992576677222253,0.024992576677222253,Near straight
11028,IMG/center_2026_08_01_18_08_00_859.jpg,0.0,0.029790887609124184,0.029790887609124184,0.029790887609124184,Near straight
11040,IMG/center_2026_08_01_18_08_01_711.jpg,0.1091199,0.001646707416512072,-0.10747319258348793,0.10747319258348793,Small turn
11053,IMG/center_2026_08_01_18_08_02_639.jpg,0.0453125,0.03922463580965996,-0.006087864190340041,0.006087864190340041,Near straight
11066,IMG/center_2026_08_01_18_08_03_557.jpg,0.04253827,0.055350255221128464,0.01281198522112846,0.01281198522112846,Near straight
11068,IMG/center_2026_08_01_18_08_03_702.jpg,0.04901148,0.04823721572756767,-0.0007742642724323304,0.0007742642724323304,Near straight
11076,IMG/center_2026_08_01_18_08_04_268.jpg,0.03888712,0.058441411703825,0.019554291703825,0.019554291703825,Near straight
11091,IMG/center_2026_08_01_18_08_05_335.jpg,0.06474809,0.059835027903318405,-0.004913062096681589,0.004913062096681589,Small turn
11092,IMG/center_2026_08_01_18_08_05_408.jpg,0.06752232,0.07193095237016678,0.004408632370166782,0.004408632370166782,Small turn
11093,IMG/center_2026_08_01_18_08_05_480.jpg,0.06752232,0.06654579192399979,-0.0009765280760002104,0.0009765280760002104,Small turn
11095,IMG/center_2026_08_01_18_08_05_623.jpg,0.06752232,0.06262905150651932,-0.004893268493480679,0.004893268493480679,Small turn
11098,IMG/center_2026_08_01_18_08_05_838.jpg,0.06752232,0.060201000422239304,-0.007321319577760693,0.007321319577760693,Small turn
11105,IMG/center_2026_08_01_18_08_06_343.jpg,0.1204241,0.015415261499583721,-0.10500883850041628,0.10500883850041628,Small turn
11108,IMG/center_2026_08_01_18_08_06_559.jpg,0.1222736,0.014257143251597881,-0.10801645674840211,0.10801645674840211,Small turn
11111,IMG/center_2026_08_01_18_08_06_771.jpg,0.1222736,0.08633167296648026,-0.03594192703351974,0.03594192703351974,Small turn
11138,IMG/center_2026_08_01_18_08_08_675.jpg,0.1045281,0.10085255652666092,-0.0036755434733390796,0.0036755434733390796,Small turn
11139,IMG/center_2026_08_01_18_08_08_748.jpg,0.108227,0.10500843077898026,-0.0032185692210197486,0.0032185692210197486,Small turn
11141,IMG/center_2026_08_01_18_08_08_887.jpg,0.0,0.07519686967134476,0.07519686967134476,0.07519686967134476,Near straight
11158,IMG/center_2026_08_01_18_08_10_075.jpg,0.1405772,0.05142630264163017,-0.08915089735836984,0.08915089735836984,Small turn
11160,IMG/center_2026_08_01_18_08_10_221.jpg,0.1442761,0.06339848786592484,-0.08087761213407516,0.08087761213407516,Small turn
11168,IMG/center_2026_08_01_18_08_10_769.jpg,0.0,0.03402925655245781,0.03402925655245781,0.03402925655245781,Near straight
11175,IMG/center_2026_08_01_18_08_11_259.jpg,0.01017219,0.03847701475024223,0.028304824750242236,0.028304824750242236,Near straight
11180,IMG/center_2026_08_01_18_08_11_606.jpg,0.03514031,0.07915044575929642,0.044010135759296416,0.044010135759296416,Near straight
11191,IMG/center_2026_08_01_18_08_12_372.jpg,0.0989477,0.14314372837543488,0.044196028375434876,0.044196028375434876,Small turn
11195,IMG/center_2026_08_01_18_08_12_659.jpg,0.1350128,0.125082865357399,-0.009929934642601002,0.009929934642601002,Small turn
11197,IMG/center_2026_08_01_18_08_12_802.jpg,0.137787,0.11273206025362015,-0.025054939746379845,0.025054939746379845,Small turn
11199,IMG/center_2026_08_01_18_08_12_942.jpg,0.137787,0.09256459027528763,-0.045222409724712365,0.045222409724712365,Small turn
11212,IMG/center_2026_08_01_18_08_13_865.jpg,0.1507175,0.15594352781772614,0.005226027817726131,0.005226027817726131,Small turn
11213,IMG/center_2026_08_01_18_08_13_931.jpg,0.1507175,0.16177822649478912,0.01106072649478912,0.01106072649478912,Small turn
11214,IMG/center_2026_08_01_18_08_14_005.jpg,0.1507175,0.15026958286762238,-0.00044791713237762876,0.00044791713237762876,Small turn
11218,IMG/center_2026_08_01_18_08_14_285.jpg,0.1507175,0.1313282996416092,-0.019389200358390812,0.019389200358390812,Small turn
11219,IMG/center_2026_08_01_18_08_14_354.jpg,0.1507175,0.1237841323018074,-0.0269333676981926,0.0269333676981926,Small turn
11237,IMG/center_2026_08_01_18_08_15_631.jpg,0.2715561,0.17117895185947418,-0.10037714814052584,0.10037714814052584,Medium turn
11241,IMG/center_2026_08_01_18_08_15_919.jpg,0.2789541,0.1244444027543068,-0.1545096972456932,0.1545096972456932,Medium turn
11253,IMG/center_2026_08_01_18_08_16_791.jpg,0.1440689,0.1991439014673233,0.055075001467323303,0.055075001467323303,Small turn
11254,IMG/center_2026_08_01_18_08_16_864.jpg,0.1699617,0.18814314901828766,0.018181449018287665,0.018181449018287665,Small turn
11284,IMG/center_2026_08_01_18_08_19_022.jpg,0.0638074,0.05697221681475639,-0.006835183185243607,0.006835183185243607,Small turn
11288,IMG/center_2026_08_01_18_08_19_302.jpg,0.0638074,0.05286390706896782,-0.010943492931032181,0.010943492931032181,Small turn
11291,IMG/center_2026_08_01_18_08_19_508.jpg,0.0638074,0.057493697851896286,-0.006313702148103714,0.006313702148103714,Small turn
11292,IMG/center_2026_08_01_18_08_19_578.jpg,0.0638074,0.046973537653684616,-0.016833862346315384,0.016833862346315384,Small turn
11303,IMG/center_2026_08_01_18_08_20_368.jpg,0.04346301,0.005952070001512766,-0.03751093999848724,0.03751093999848724,Near straight
11305,IMG/center_2026_08_01_18_08_20_512.jpg,0.04346301,0.014461825601756573,-0.02900118439824343,0.02900118439824343,Near straight
11320,IMG/center_2026_08_01_18_08_21_573.jpg,0.0,0.03891487047076225,0.03891487047076225,0.03891487047076225,Near straight
11334,IMG/center_2026_08_01_18_08_22_568.jpg,0.0,0.015199135057628155,0.015199135057628155,0.015199135057628155,Near straight
11346,IMG/center_2026_08_01_18_08_23_411.jpg,-0.006584821,-0.12769673764705658,-0.12111191664705658,0.12111191664705658,Near straight
11357,IMG/center_2026_08_01_18_08_24_181.jpg,-0.1363999,-0.10357528179883957,0.03282461820116042,0.03282461820116042,Small turn
11360,IMG/center_2026_08_01_18_08_24_393.jpg,-0.1937819,-0.12112656980752945,0.07265533019247056,0.07265533019247056,Small turn
11375,IMG/center_2026_08_01_18_08_25_460.jpg,-0.3154975,-0.2894642651081085,0.026033234891891466,0.026033234891891466,Medium turn
11376,IMG/center_2026_08_01_18_08_25_527.jpg,-0.3437181,-0.3254252076148987,0.018292892385101345,0.018292892385101345,Medium turn
11378,IMG/center_2026_08_01_18_08_25_665.jpg,-0.4669483,-0.31079262495040894,0.15615567504959105,0.15615567504959105,Sharp turn
11391,IMG/center_2026_08_01_18_08_26_595.jpg,-0.2332908,-0.2625727355480194,-0.029281935548019417,0.029281935548019417,Medium turn
11399,IMG/center_2026_08_01_18_08_27_170.jpg,-0.4626276,-0.11059435456991196,0.35203324543008807,0.35203324543008807,Sharp turn
11407,IMG/center_2026_08_01_18_08_27_752.jpg,0.06846301,0.08003685623407364,0.011573846234073634,0.011573846234073634,Small turn
11409,IMG/center_2026_08_01_18_08_27_893.jpg,0.1036033,0.05589212104678154,-0.047711178953218455,0.047711178953218455,Small turn
11439,IMG/center_2026_08_01_18_08_30_064.jpg,-0.03574617,-0.03561227396130562,0.00013389603869438244,0.00013389603869438244,Near straight
11441,IMG/center_2026_08_01_18_08_30_203.jpg,-0.05173788,-0.03893386200070381,0.012804017999296188,0.012804017999296188,Small turn
11445,IMG/center_2026_08_01_18_08_30_490.jpg,0.0,-0.05211203172802925,-0.05211203172802925,0.05211203172802925,Near straight
11472,IMG/center_2026_08_01_18_08_32_425.jpg,0.00184949,0.025501618161797523,0.023652128161797525,0.023652128161797525,Near straight
11474,IMG/center_2026_08_01_18_08_32_559.jpg,0.02219388,0.03894747421145439,0.016753594211454392,0.016753594211454392,Near straight
11481,IMG/center_2026_08_01_18_08_33_048.jpg,0.03976403,0.11062479764223099,0.07086076764223098,0.07086076764223098,Near straight
11483,IMG/center_2026_08_01_18_08_33_189.jpg,0.05455995,0.1190105751156807,0.0644506251156807,0.0644506251156807,Small turn
11487,IMG/center_2026_08_01_18_08_33_471.jpg,0.1720344,0.1646384745836258,-0.0073959254163742105,0.0073959254163742105,Small turn
11494,IMG/center_2026_08_01_18_08_33_954.jpg,0.1942283,0.09890563040971756,-0.09532266959028243,0.09532266959028243,Small turn
11500,IMG/center_2026_08_01_18_08_34_373.jpg,0.0,-0.0392448790371418,-0.0392448790371418,0.0392448790371418,Near straight
11511,IMG/center_2026_08_01_18_08_35_137.jpg,0.1625,0.13035030663013458,-0.03214969336986542,0.03214969336986542,Small turn
11512,IMG/center_2026_08_01_18_08_35_209.jpg,0.1643495,0.14706142246723175,-0.01728807753276826,0.01728807753276826,Small turn
11513,IMG/center_2026_08_01_18_08_35_282.jpg,0.169898,0.1502784639596939,-0.019619536040306085,0.019619536040306085,Small turn
11514,IMG/center_2026_08_01_18_08_35_351.jpg,0.1856186,0.1643667370080948,-0.021251862991905207,0.021251862991905207,Small turn
11518,IMG/center_2026_08_01_18_08_35_625.jpg,0.2235332,0.1703120619058609,-0.05322113809413909,0.05322113809413909,Medium turn
11523,IMG/center_2026_08_01_18_08_35_975.jpg,0.2522002,0.18665678799152374,-0.06554341200847624,0.06554341200847624,Medium turn
11527,IMG/center_2026_08_01_18_08_36_251.jpg,0.2753189,0.23832523822784424,-0.03699366177215574,0.03699366177215574,Medium turn
11530,IMG/center_2026_08_01_18_08_36_460.jpg,0.2864158,0.23422206938266754,-0.05219373061733246,0.05219373061733246,Medium turn
11537,IMG/center_2026_08_01_18_08_36_952.jpg,0.2864158,0.022814461961388588,-0.2636013380386114,0.2636013380386114,Medium turn
11538,IMG/center_2026_08_01_18_08_37_024.jpg,0.2864158,-0.02237408421933651,-0.3087898842193365,0.3087898842193365,Medium turn
11545,IMG/center_2026_08_01_18_08_37_520.jpg,0.0,-0.055841971188783646,-0.055841971188783646,0.055841971188783646,Near straight
11559,IMG/center_2026_08_01_18_08_38_505.jpg,0.06937181,0.03576148673892021,-0.033610323261079794,0.033610323261079794,Small turn
11569,IMG/center_2026_08_01_18_08_39_208.jpg,0.08879146,0.054509054869413376,-0.03428240513058663,0.03428240513058663,Small turn
11575,IMG/center_2026_08_01_18_08_39_627.jpg,0.0897162,0.06515789777040482,-0.02455830222959518,0.02455830222959518,Small turn
11583,IMG/center_2026_08_01_18_08_40_188.jpg,0.004623725,0.044660698622465134,0.04003697362246513,0.04003697362246513,Near straight
11588,IMG/center_2026_08_01_18_08_40_538.jpg,0.01479592,0.034013014286756516,0.019217094286756515,0.019217094286756515,Near straight
11598,IMG/center_2026_08_01_18_08_41_233.jpg,0.0,0.019953081384301186,0.019953081384301186,0.019953081384301186,Near straight
11626,IMG/center_2026_08_01_18_08_43_198.jpg,0.02496811,0.00897503923624754,-0.015993070763752462,0.015993070763752462,Near straight
11641,IMG/center_2026_08_01_18_08_44_254.jpg,0.0,0.014063487760722637,0.014063487760722637,0.014063487760722637,Near straight
11653,IMG/center_2026_08_01_18_08_45_088.jpg,0.0184949,0.011253814212977886,-0.007241085787022115,0.007241085787022115,Near straight
11664,IMG/center_2026_08_01_18_08_45_861.jpg,0.0,0.006723920349031687,0.006723920349031687,0.006723920349031687,Near straight
11687,IMG/center_2026_08_01_18_08_47_490.jpg,0.006473215,0.029773304238915443,0.023300089238915443,0.023300089238915443,Near straight
11690,IMG/center_2026_08_01_18_08_47_702.jpg,0.04346301,0.04242194816470146,-0.0010410618352985415,0.0010410618352985415,Near straight
11697,IMG/center_2026_08_01_18_08_48_191.jpg,0.04438775,0.02990264631807804,-0.014485103681921956,0.014485103681921956,Near straight
11698,IMG/center_2026_08_01_18_08_48_259.jpg,0.0,0.023043284192681313,0.023043284192681313,0.023043284192681313,Near straight
11701,IMG/center_2026_08_01_18_08_48_472.jpg,0.0,0.015214691869914532,0.015214691869914532,0.015214691869914532,Near straight
11716,IMG/center_2026_08_01_18_08_49_528.jpg,0.01757015,0.00956482719630003,-0.00800532280369997,0.00800532280369997,Near straight
11718,IMG/center_2026_08_01_18_08_49_665.jpg,0.01757015,-0.001049091457389295,-0.018619241457389295,0.018619241457389295,Near straight
11719,IMG/center_2026_08_01_18_08_49_738.jpg,0.01757015,0.0050441124476492405,-0.01252603755235076,0.01252603755235076,Near straight
11723,IMG/center_2026_08_01_18_08_50_024.jpg,0.01757015,-0.01842345856130123,-0.03599360856130123,0.03599360856130123,Near straight
11729,IMG/center_2026_08_01_18_08_50_454.jpg,0.01757015,-0.0022326908074319363,-0.019802840807431936,0.019802840807431936,Near straight
11744,IMG/center_2026_08_01_18_08_51_494.jpg,0.01757015,0.018334368243813515,0.000764218243813515,0.000764218243813515,Near straight
11751,IMG/center_2026_08_01_18_08_51_988.jpg,0.0,0.044092338532209396,0.044092338532209396,0.044092338532209396,Near straight
11759,IMG/center_2026_08_01_18_08_52_561.jpg,0.0,0.05103616043925285,0.05103616043925285,0.05103616043925285,Near straight
11765,IMG/center_2026_08_01_18_08_52_978.jpg,0.006473215,0.02806217409670353,0.02158895909670353,0.02158895909670353,Near straight
11772,IMG/center_2026_08_01_18_08_53_465.jpg,0.1183673,0.03409601375460625,-0.08427128624539375,0.08427128624539375,Small turn
11774,IMG/center_2026_08_01_18_08_53_607.jpg,0.1202168,0.008668075315654278,-0.11154872468434572,0.11154872468434572,Small turn
11783,IMG/center_2026_08_01_18_08_54_247.jpg,0.01757015,0.08878592401742935,0.07121577401742935,0.07121577401742935,Near straight
11788,IMG/center_2026_08_01_18_08_54_602.jpg,0.02774235,0.09967757016420364,0.07193522016420364,0.07193522016420364,Near straight
11790,IMG/center_2026_08_01_18_08_54_741.jpg,0.02774235,0.08953753858804703,0.06179518858804703,0.06179518858804703,Near straight
11791,IMG/center_2026_08_01_18_08_54_808.jpg,0.02774235,0.0963079109787941,0.0685655609787941,0.0685655609787941,Near straight
11793,IMG/center_2026_08_01_18_08_54_948.jpg,0.03606505,0.08235660940408707,0.046291559404087065,0.046291559404087065,Near straight
11795,IMG/center_2026_08_01_18_08_55_088.jpg,0.0453125,0.08808568865060806,0.042773188650608064,0.042773188650608064,Near straight
11798,IMG/center_2026_08_01_18_08_55_295.jpg,0.05455995,0.060033123940229416,0.005473173940229413,0.005473173940229413,Small turn
11803,IMG/center_2026_08_01_18_08_55_654.jpg,0.06473214,0.05801467224955559,-0.006717467750444406,0.006717467750444406,Small turn
11807,IMG/center_2026_08_01_18_08_55_940.jpg,0.0,0.03480694815516472,0.03480694815516472,0.03480694815516472,Near straight
11808,IMG/center_2026_08_01_18_08_56_015.jpg,0.0,0.03247065469622612,0.03247065469622612,0.03247065469622612,Near straight
11816,IMG/center_2026_08_01_18_08_56_579.jpg,0.07028061,0.06691188365221024,-0.0033687263477897578,0.0033687263477897578,Small turn
11818,IMG/center_2026_08_01_18_08_56_716.jpg,0.07675382,0.06413192301988602,-0.012621896980113984,0.012621896980113984,Small turn
11822,IMG/center_2026_08_01_18_08_56_996.jpg,0.07767857,0.0519908182322979,-0.025687751767702105,0.025687751767702105,Small turn
11835,IMG/center_2026_08_01_18_08_57_926.jpg,0.1294643,0.059062790125608444,-0.07040150987439156,0.07040150987439156,Small turn
11841,IMG/center_2026_08_01_18_08_58_360.jpg,0.04716199,0.07169169932603836,0.02452970932603836,0.02452970932603836,Near straight
11843,IMG/center_2026_08_01_18_08_58_504.jpg,0.06843112,0.08825583010911942,0.019824710109119417,0.019824710109119417,Small turn
11847,IMG/center_2026_08_01_18_08_58_792.jpg,0.08785076,0.08144182711839676,-0.006408932881603241,0.006408932881603241,Small turn
11854,IMG/center_2026_08_01_18_08_59_286.jpg,0.1100446,0.1390485316514969,0.02900393165149688,0.02900393165149688,Small turn
11855,IMG/center_2026_08_01_18_08_59_356.jpg,0.1118941,0.12246627360582352,0.01057217360582352,0.01057217360582352,Small turn
11856,IMG/center_2026_08_01_18_08_59_426.jpg,0.1146684,0.11866892129182816,0.004000521291828152,0.004000521291828152,Small turn
11857,IMG/center_2026_08_01_18_08_59_500.jpg,0.1174426,0.11626697331666946,-0.0011756266833305301,0.0011756266833305301,Small turn
11858,IMG/center_2026_08_01_18_08_59_570.jpg,0.1202168,0.08169872313737869,-0.038518076862621306,0.038518076862621306,Small turn
11868,IMG/center_2026_08_01_18_09_00_276.jpg,0.1525829,0.06329662352800369,-0.0892862764719963,0.0892862764719963,Small turn
11877,IMG/center_2026_08_01_18_09_00_931.jpg,0.09526467,0.0724739208817482,-0.022790749118251796,0.022790749118251796,Small turn
11885,IMG/center_2026_08_01_18_09_01_509.jpg,0.1091358,0.08728764206171036,-0.021848157938289647,0.021848157938289647,Small turn
11886,IMG/center_2026_08_01_18_09_01_582.jpg,0.1100606,0.06855759769678116,-0.041503002303218836,0.041503002303218836,Small turn
11889,IMG/center_2026_08_01_18_09_01_786.jpg,0.1100606,0.03657514974474907,-0.07348545025525093,0.07348545025525093,Small turn
11905,IMG/center_2026_08_01_18_09_02_903.jpg,0.09339924,0.12664003670215607,0.03324079670215607,0.03324079670215607,Small turn
11907,IMG/center_2026_08_01_18_09_03_047.jpg,0.141486,0.11462647467851639,-0.026859525321483613,0.026859525321483613,Small turn
11908,IMG/center_2026_08_01_18_09_03_119.jpg,0.1627551,0.12437433749437332,-0.03838076250562669,0.03838076250562669,Small turn
11914,IMG/center_2026_08_01_18_09_03_543.jpg,0.173852,0.041438113898038864,-0.13241388610196114,0.13241388610196114,Small turn
11930,IMG/center_2026_08_01_18_09_04_690.jpg,0.008322704,0.011410663835704327,0.0030879598357043264,0.0030879598357043264,Near straight
11931,IMG/center_2026_08_01_18_09_04_765.jpg,0.03053253,0.05834830924868584,0.027815779248685838,0.027815779248685838,Near straight
11936,IMG/center_2026_08_01_18_09_05_116.jpg,0.08509248,0.046450626105070114,-0.038641853894929884,0.038641853894929884,Small turn
11938,IMG/center_2026_08_01_18_09_05_256.jpg,0.09341517,0.03521866723895073,-0.058196502761049276,0.058196502761049276,Small turn
11943,IMG/center_2026_08_01_18_09_05_626.jpg,0.0,0.046386729925870895,0.046386729925870895,0.046386729925870895,Near straight
11954,IMG/center_2026_08_01_18_09_06_408.jpg,0.03883928,0.03233421966433525,-0.006505060335664746,0.006505060335664746,Near straight
11963,IMG/center_2026_08_01_18_09_07_046.jpg,0.05086097,0.03385801240801811,-0.017002957591981886,0.017002957591981886,Small turn
11964,IMG/center_2026_08_01_18_09_07_119.jpg,0.05086097,0.04882771894335747,-0.0020332510566425308,0.0020332510566425308,Small turn
11965,IMG/center_2026_08_01_18_09_07_192.jpg,0.05455995,0.040350329130887985,-0.014209620869112018,0.014209620869112018,Small turn
11990,IMG/center_2026_08_01_18_09_08_939.jpg,0.01294643,0.031501125544309616,0.018554695544309614,0.018554695544309614,Near straight
11991,IMG/center_2026_08_01_18_09_09_008.jpg,0.01387117,0.042715203016996384,0.02884403301699638,0.02884403301699638,Near straight
11994,IMG/center_2026_08_01_18_09_09_222.jpg,0.01479592,0.03571857139468193,0.02092265139468193,0.02092265139468193,Near straight
11998,IMG/center_2026_08_01_18_09_09_495.jpg,0.0453125,0.036430131644010544,-0.008882368355989455,0.008882368355989455,Near straight
12001,IMG/center_2026_08_01_18_09_09_705.jpg,0.05733418,0.022683510556817055,-0.034650669443182944,0.034650669443182944,Small turn
12004,IMG/center_2026_08_01_18_09_09_911.jpg,0.05733418,0.014697323553264141,-0.04263685644673586,0.04263685644673586,Small turn
12007,IMG/center_2026_08_01_18_09_10_152.jpg,0.05733418,0.004744658712297678,-0.05258952128770232,0.05258952128770232,Small turn
12010,IMG/center_2026_08_01_18_09_10_361.jpg,0.05357143,0.004845390561968088,-0.048726039438031915,0.048726039438031915,Small turn
12012,IMG/center_2026_08_01_18_09_10_502.jpg,0.05263074,-0.0020515224896371365,-0.05468226248963714,0.05468226248963714,Small turn
12018,IMG/center_2026_08_01_18_09_10_918.jpg,0.01124043,-0.025373389944434166,-0.03661381994443416,0.03661381994443416,Near straight
12032,IMG/center_2026_08_01_18_09_11_932.jpg,0.0,-0.027538230642676353,-0.027538230642676353,0.027538230642676353,Near straight
12047,IMG/center_2026_08_01_18_09_13_006.jpg,0.0,-0.0023049614392220974,-0.0023049614392220974,0.0023049614392220974,Near straight
12059,IMG/center_2026_08_01_18_09_13_869.jpg,0.02126913,0.02545703388750553,0.004187903887505531,0.004187903887505531,Near straight
12060,IMG/center_2026_08_01_18_09_13_938.jpg,0.02311862,0.026219317689538002,0.0031006976895380026,0.0031006976895380026,Near straight
12061,IMG/center_2026_08_01_18_09_14_006.jpg,0.02866709,0.01624954678118229,-0.01241754321881771,0.01241754321881771,Near straight
12072,IMG/center_2026_08_01_18_09_14_776.jpg,0.0,0.010165761224925518,0.010165761224925518,0.010165761224925518,Near straight
12082,IMG/center_2026_08_01_18_09_15_486.jpg,0.02774235,0.002550432924181223,-0.025191917075818776,0.025191917075818776,Near straight
12084,IMG/center_2026_08_01_18_09_15_624.jpg,0.02774235,0.01981414295732975,-0.007928207042670249,0.007928207042670249,Near straight
12085,IMG/center_2026_08_01_18_09_15_694.jpg,0.02774235,0.0020188787020742893,-0.02572347129792571,0.02572347129792571,Near straight
12105,IMG/center_2026_08_01_18_09_17_088.jpg,0.04716199,0.0330740325152874,-0.014087957484712602,0.014087957484712602,Near straight
12116,IMG/center_2026_08_01_18_09_17_868.jpg,0.0,0.011265049688518047,0.011265049688518047,0.011265049688518047,Near straight
12132,IMG/center_2026_08_01_18_09_18_987.jpg,0.01479592,0.01275081466883421,-0.002045105331165791,0.002045105331165791,Near straight
12152,IMG/center_2026_08_01_18_09_20_381.jpg,0.06843112,0.045784126967191696,-0.022646993032808302,0.022646993032808302,Small turn
12153,IMG/center_2026_08_01_18_09_20_451.jpg,0.08692602,0.03824521228671074,-0.04868080771328927,0.04868080771328927,Small turn
12162,IMG/center_2026_08_01_18_09_21_087.jpg,0.01479592,0.02764887548983097,0.01285295548983097,0.01285295548983097,Near straight
12163,IMG/center_2026_08_01_18_09_21_159.jpg,0.02959184,0.03272659704089165,0.003134757040891646,0.003134757040891646,Near straight
12165,IMG/center_2026_08_01_18_09_21_300.jpg,0.03051658,0.01320625375956297,-0.017310326240437032,0.017310326240437032,Near straight
12181,IMG/center_2026_08_01_18_09_22_409.jpg,0.0,0.02382243610918522,0.02382243610918522,0.02382243610918522,Near straight
12184,IMG/center_2026_08_01_18_09_22_622.jpg,0.0,0.006020078901201487,0.006020078901201487,0.006020078901201487,Near straight
12186,IMG/center_2026_08_01_18_09_22_766.jpg,0.0,-0.001903404830954969,-0.001903404830954969,0.001903404830954969,Near straight
12191,IMG/center_2026_08_01_18_09_23_116.jpg,0.005548469,0.012158582918345928,0.006610113918345928,0.006610113918345928,Near straight
12193,IMG/center_2026_08_01_18_09_23_259.jpg,0.01479592,0.006674776319414377,-0.008121143680585623,0.008121143680585623,Near straight
12194,IMG/center_2026_08_01_18_09_23_326.jpg,0.01479592,0.025689372792840004,0.010893452792840003,0.010893452792840003,Near straight
12195,IMG/center_2026_08_01_18_09_23_395.jpg,0.01479592,0.028948256745934486,0.014152336745934486,0.014152336745934486,Near straight
12198,IMG/center_2026_08_01_18_09_23_606.jpg,0.01479592,0.021161386743187904,0.006365466743187904,0.006365466743187904,Near straight
12205,IMG/center_2026_08_01_18_09_24_092.jpg,0.02034439,0.026428410783410072,0.006084020783410072,0.006084020783410072,Near straight
12210,IMG/center_2026_08_01_18_09_24_449.jpg,0.03144133,0.04338754341006279,0.011946213410062786,0.011946213410062786,Near straight
12215,IMG/center_2026_08_01_18_09_24_799.jpg,0.04068878,0.05597103759646416,0.015282257596464156,0.015282257596464156,Near straight
12220,IMG/center_2026_08_01_18_09_25_145.jpg,0.04068878,0.03319884464144707,-0.0074899353585529335,0.0074899353585529335,Near straight
12222,IMG/center_2026_08_01_18_09_25_286.jpg,0.04068878,0.02878541685640812,-0.011903363143591882,0.011903363143591882,Near straight
12237,IMG/center_2026_08_01_18_09_26_326.jpg,0.01109694,0.01114411186426878,4.717186426878017e-05,4.717186426878017e-05,Near straight
12241,IMG/center_2026_08_01_18_09_26_600.jpg,0.01109694,0.016914794221520424,0.005817854221520424,0.005817854221520424,Near straight
12256,IMG/center_2026_08_01_18_09_27_660.jpg,0.1017219,0.04633445665240288,-0.055387443347597126,0.055387443347597126,Small turn
12274,IMG/center_2026_08_01_18_09_28_939.jpg,0.02496811,0.04258693382143974,0.01761882382143974,0.01761882382143974,Near straight
12275,IMG/center_2026_08_01_18_09_29_007.jpg,0.02496811,0.052094172686338425,0.027126062686338423,0.027126062686338423,Near straight
12288,IMG/center_2026_08_01_18_09_29_929.jpg,0.0,0.04323078319430351,0.04323078319430351,0.04323078319430351,Near straight
12291,IMG/center_2026_08_01_18_09_30_142.jpg,0.0,0.06380672007799149,0.06380672007799149,0.06380672007799149,Near straight
12293,IMG/center_2026_08_01_18_09_30_283.jpg,0.03329081,0.06438709050416946,0.031096280504169467,0.031096280504169467,Near straight
12313,IMG/center_2026_08_01_18_09_31_700.jpg,0.1091199,0.026463279500603676,-0.08265662049939633,0.08265662049939633,Small turn
12316,IMG/center_2026_08_01_18_09_31_909.jpg,0.1091199,0.06399542838335037,-0.04512447161664963,0.04512447161664963,Small turn
12332,IMG/center_2026_08_01_18_09_33_034.jpg,0.141486,0.1315518170595169,-0.009934182940483094,0.009934182940483094,Small turn
12333,IMG/center_2026_08_01_18_09_33_104.jpg,0.1424107,0.11854339390993118,-0.02386730609006882,0.02386730609006882,Small turn
12351,IMG/center_2026_08_01_18_09_34_370.jpg,0.03976403,0.04953606054186821,0.009772030541868211,0.009772030541868211,Near straight
12353,IMG/center_2026_08_01_18_09_34_516.jpg,0.0453125,0.07541657239198685,0.03010407239198685,0.03010407239198685,Near straight
12356,IMG/center_2026_08_01_18_09_34_729.jpg,0.04716199,0.01206285785883665,-0.03509913214116335,0.03509913214116335,Near straight
